ZERO	feature\browser\src\main\java\top\wkbin\taixu\ui\browser\BrowserActionCard.kt	25	public	fun	BrowserActionCard	@Composable
SAMEFILE	feature\browser\src\main\java\top\wkbin\taixu\ui\browser\BrowserScreen.kt	182	private	fun	BrowserStatusBar	@Composable	REFS=feature\browser\src\main\java\top\wkbin\taixu\ui\browser\BrowserScreen.kt|111
SAMEFILE	feature\browser\src\main\java\top\wkbin\taixu\ui\browser\BrowserScreen.kt	265	private	fun	BrowserTabChip	@Composable	REFS=feature\browser\src\main\java\top\wkbin\taixu\ui\browser\BrowserScreen.kt|241
SAMEFILE	feature\browser\src\main\java\top\wkbin\taixu\ui\browser\BrowserScreen.kt	302	private	fun	StatusDivider	@Composable	REFS=feature\browser\src\main\java\top\wkbin\taixu\ui\browser\BrowserScreen.kt|214,feature\browser\src\main\java\top\wkbin\taixu\ui\browser\BrowserScreen.kt|222,feature\browser\src\main\java\top\wkbin\taixu\ui\browser\BrowserScreen.kt|230,feature\browser\src\main\java\top\wkbin\taixu\ui\browser\BrowserScreen.kt|250,feature\chat\src\main\java\top\wkbin\taixu\ui\chat\ChatWorkbenchPanels.kt|132,feature\chat\src\main\java\top\wkbin\taixu\ui\chat\ChatWorkbenchPanels.kt|142,feature\chat\src\main\java\top\wkbin\taixu\ui\chat\ChatWorkbenchPanels.kt|152,feature\chat\src\main\java\top\wkbin\taixu\ui\chat\ChatWorkbenchPanels.kt|169
SAMEFILE	feature\browser\src\main\java\top\wkbin\taixu\ui\browser\BrowserScreen.kt	316	private	fun	DebugPausedBanner	@Composable	REFS=feature\browser\src\main\java\top\wkbin\taixu\ui\browser\BrowserScreen.kt|138
SAMEFILE	feature\browser\src\main\java\top\wkbin\taixu\ui\browser\BrowserScreen.kt	378	private	fun	BrowserStatusItem	@Composable	REFS=feature\browser\src\main\java\top\wkbin\taixu\ui\browser\BrowserScreen.kt|207,feature\browser\src\main\java\top\wkbin\taixu\ui\browser\BrowserScreen.kt|216,feature\browser\src\main\java\top\wkbin\taixu\ui\browser\BrowserScreen.kt|224,feature\browser\src\main\java\top\wkbin\taixu\ui\browser\BrowserScreen.kt|233,feature\browser\src\main\java\top\wkbin\taixu\ui\browser\BrowserScreen.kt|251
SAMEFILE	feature\browser\src\main\java\top\wkbin\taixu\ui\browser\BrowserScreen.kt	419	private	fun	BrowserUrlBar	@Composable	REFS=feature\browser\src\main\java\top\wkbin\taixu\ui\browser\BrowserScreen.kt|164
SAMEFILE	feature\browser\src\main\java\top\wkbin\taixu\ui\browser\BrowserViewModel.kt	344	private	class	BrowserCoreState		REFS=feature\browser\src\main\java\top\wkbin\taixu\ui\browser\BrowserViewModel.kt|58
SAMEFILE	feature\browser\src\main\java\top\wkbin\taixu\ui\browser\BrowserViewModel.kt	352	private	class	BrowserPanelState		REFS=feature\browser\src\main\java\top\wkbin\taixu\ui\browser\BrowserViewModel.kt|68
SAMEFILE	feature\browser\src\main\java\top\wkbin\taixu\ui\browser\BrowserViewModel.kt	368	public	class	BrowserUiState		REFS=feature\browser\src\main\java\top\wkbin\taixu\ui\browser\BrowserViewModel.kt|71,feature\browser\src\main\java\top\wkbin\taixu\ui\browser\BrowserViewModel.kt|78,feature\browser\src\main\java\top\wkbin\taixu\ui\browser\BrowserViewModel.kt|93,feature\browser\src\main\java\top\wkbin\taixu\ui\browser\BrowserViewModel.kt|385
SAMEFILE	feature\browser\src\main\java\top\wkbin\taixu\ui\browser\network\NetworkTimelineSheet.kt	111	private	fun	RequestList	@Composable	REFS=feature\browser\src\main\java\top\wkbin\taixu\ui\browser\network\NetworkTimelineSheet.kt|95
SAMEFILE	feature\browser\src\main\java\top\wkbin\taixu\ui\browser\network\NetworkTimelineSheet.kt	128	private	fun	RequestRow	@Composable	REFS=feature\browser\src\main\java\top\wkbin\taixu\ui\browser\network\NetworkTimelineSheet.kt|122
SAMEFILE	feature\browser\src\main\java\top\wkbin\taixu\ui\browser\network\NetworkTimelineSheet.kt	190	private	fun	NetworkDetailBody	@Composable	REFS=feature\browser\src\main\java\top\wkbin\taixu\ui\browser\network\NetworkTimelineSheet.kt|76
SAMEFILE	feature\browser\src\main\java\top\wkbin\taixu\ui\browser\network\NetworkTimelineSheet.kt	214	private	fun	HookHitList	@Composable	REFS=feature\browser\src\main\java\top\wkbin\taixu\ui\browser\network\NetworkTimelineSheet.kt|100
SAMEFILE	feature\browser\src\main\java\top\wkbin\taixu\ui\browser\network\NetworkTimelineSheet.kt	277	private	fun	methodColor		REFS=feature\browser\src\main\java\top\wkbin\taixu\ui\browser\network\NetworkTimelineSheet.kt|147
SAMEFILE	feature\chat\src\main\java\top\wkbin\taixu\ui\chat\ChatDialogs.kt	365	internal	fun	RenameSessionDialog	@Composable	REFS=feature\chat\src\main\java\top\wkbin\taixu\ui\chat\ChatDialogs.kt|319
SAMEFILE	feature\chat\src\main\java\top\wkbin\taixu\ui\chat\ChatDialogs.kt	661	internal	fun	ProviderModelPickerDialog	@Composable	REFS=feature\chat\src\main\java\top\wkbin\taixu\ui\chat\ChatDialogs.kt|436
SAMEFILE	feature\chat\src\main\java\top\wkbin\taixu\ui\chat\ChatDialogs.kt	786	internal	fun	AddModelDialog	@Composable	REFS=feature\chat\src\main\java\top\wkbin\taixu\ui\chat\ChatDialogs.kt|426
SAMEFILE	feature\chat\src\main\java\top\wkbin\taixu\ui\chat\ChatDialogs.kt	994	internal	fun	WorkspaceOption	@Composable	REFS=feature\chat\src\main\java\top\wkbin\taixu\ui\chat\ChatDialogs.kt|921,feature\chat\src\main\java\top\wkbin\taixu\ui\chat\ChatDialogs.kt|928
SAMEFILE	feature\chat\src\main\java\top\wkbin\taixu\ui\chat\ChatMessageBubbles.kt	294	private	fun	RewindScopeOption	@Composable	REFS=feature\chat\src\main\java\top\wkbin\taixu\ui\chat\ChatMessageBubbles.kt|264,feature\chat\src\main\java\top\wkbin\taixu\ui\chat\ChatMessageBubbles.kt|270,feature\chat\src\main\java\top\wkbin\taixu\ui\chat\ChatMessageBubbles.kt|276
SAMEFILE	feature\chat\src\main\java\top\wkbin\taixu\ui\chat\ChatMessageBubbles.kt	332	internal	fun	ImageThumbnail	@Composable	REFS=feature\chat\src\main\java\top\wkbin\taixu\ui\chat\ChatMessageBubbles.kt|121
SAMEFILE	feature\chat\src\main\java\top\wkbin\taixu\ui\chat\ChatMessageBubbles.kt	528	private	val	MAX_LIVE_TEXT_CHARS		REFS=feature\chat\src\main\java\top\wkbin\taixu\ui\chat\ChatMessageBubbles.kt|453
SAMEFILE	feature\chat\src\main\java\top\wkbin\taixu\ui\chat\ChatMessageBubbles.kt	530	private	val	generatedImageFlagCache		REFS=feature\chat\src\main\java\top\wkbin\taixu\ui\chat\ChatMessageBubbles.kt|384,feature\chat\src\main\java\top\wkbin\taixu\ui\chat\ChatMessageBubbles.kt|386
SAMEFILE	feature\chat\src\main\java\top\wkbin\taixu\ui\chat\ChatMessageBubbles.kt	538	private	val	taskPlanCache		REFS=feature\chat\src\main\java\top\wkbin\taixu\ui\chat\ChatMessageBubbles.kt|541,feature\chat\src\main\java\top\wkbin\taixu\ui\chat\ChatMessageBubbles.kt|556
SAMEFILE	feature\chat\src\main\java\top\wkbin\taixu\ui\chat\ChatMessageBubbles.kt	540	private	fun	extractTaskPlanSteps		REFS=feature\chat\src\main\java\top\wkbin\taixu\ui\chat\ChatMessageBubbles.kt|407
SAMEFILE	feature\chat\src\main\java\top\wkbin\taixu\ui\chat\ChatMessageBubbles.kt	561	private	fun	TaskPlanCard	@Composable	REFS=feature\chat\src\main\java\top\wkbin\taixu\ui\chat\ChatMessageBubbles.kt|409
SAMEFILE	feature\chat\src\main\java\top\wkbin\taixu\ui\chat\ChatMessageList.kt	75	private	val	ExpandedOverridesSaver		REFS=feature\chat\src\main\java\top\wkbin\taixu\ui\chat\ChatMessageList.kt|120
SAMEFILE	feature\chat\src\main\java\top\wkbin\taixu\ui\chat\ChatMessageList.kt	265	private	fun	AssistantGenerationPlaceholder	@Composable	REFS=feature\chat\src\main\java\top\wkbin\taixu\ui\chat\ChatMessageList.kt|245
SAMEFILE	feature\chat\src\main\java\top\wkbin\taixu\ui\chat\ChatMessageList.kt	301	internal	fun	EmptyChatGuidance	@Composable	REFS=feature\chat\src\main\java\top\wkbin\taixu\ui\chat\ChatMessageList.kt|155
SAMEFILE	feature\chat\src\main\java\top\wkbin\taixu\ui\chat\ChatMessageList.kt	450	private	fun	parseIconName		REFS=feature\settings\src\main\java\top\wkbin\taixu\ui\settings\QuickPhrasesScreen.kt|324,feature\chat\src\main\java\top\wkbin\taixu\ui\chat\ChatMessageList.kt|398
SAMEFILE	feature\chat\src\main\java\top\wkbin\taixu\ui\chat\ChatMessageList.kt	470	internal	fun	RoundCollapseButton	@Composable	REFS=feature\chat\src\main\java\top\wkbin\taixu\ui\chat\ChatMessageList.kt|185
SAMEFILE	feature\chat\src\main\java\top\wkbin\taixu\ui\chat\ChatMessageList.kt	514	internal	fun	ChatMessageSkeleton	@Composable	REFS=feature\chat\src\main\java\top\wkbin\taixu\ui\chat\ChatMessageList.kt|148
SAMEFILE	feature\chat\src\main\java\top\wkbin\taixu\ui\chat\ChatMessageList.kt	583	private	fun	shimmerBrush	@Composable	REFS=feature\workspace\src\main\java\top\wkbin\taixu\ui\workspace\WorkspaceScreen.kt|171,feature\chat\src\main\java\top\wkbin\taixu\ui\chat\ChatMessageList.kt|515
SAMEFILE	feature\chat\src\main\java\top\wkbin\taixu\ui\chat\ChatScreen.kt	92	private	val	AgentBottomBarHeight		REFS=feature\chat\src\main\java\top\wkbin\taixu\ui\chat\ChatScreen.kt|365
SAMEFILE	feature\chat\src\main\java\top\wkbin\taixu\ui\chat\ChatScreen.kt	95	private	val	BrowserBottomBarHeight		REFS=feature\chat\src\main\java\top\wkbin\taixu\ui\chat\ChatScreen.kt|556
SAMEFILE	feature\chat\src\main\java\top\wkbin\taixu\ui\chat\ChatScreen.kt	98	private	fun	chatBottomInsets	@Composable	REFS=feature\chat\src\main\java\top\wkbin\taixu\ui\chat\ChatScreen.kt|365,feature\chat\src\main\java\top\wkbin\taixu\ui\chat\ChatScreen.kt|556
SAMEFILE	feature\chat\src\main\java\top\wkbin\taixu\ui\chat\ChatScreen.kt	810	private	fun	ChatPaneContent	@Composable	REFS=feature\chat\src\main\java\top\wkbin\taixu\ui\chat\ChatScreen.kt|369
SAMEFILE	feature\chat\src\main\java\top\wkbin\taixu\ui\chat\ChatScreen.kt	994	private	fun	McpRecommendationBanner	@Composable	REFS=feature\chat\src\main\java\top\wkbin\taixu\ui\chat\ChatScreen.kt|948
SAMEFILE	feature\chat\src\main\java\top\wkbin\taixu\ui\chat\ChatToolCards.kt	56	private	val	DotRunning		REFS=feature\chat\src\main\java\top\wkbin\taixu\ui\chat\ChatToolCards.kt|76
SAMEFILE	feature\chat\src\main\java\top\wkbin\taixu\ui\chat\ChatToolCards.kt	57	private	val	DotSuccess		REFS=feature\chat\src\main\java\top\wkbin\taixu\ui\chat\ChatToolCards.kt|77
SAMEFILE	feature\chat\src\main\java\top\wkbin\taixu\ui\chat\ChatToolCards.kt	58	private	val	DotFailed		REFS=feature\chat\src\main\java\top\wkbin\taixu\ui\chat\ChatToolCards.kt|78
SAMEFILE	feature\chat\src\main\java\top\wkbin\taixu\ui\chat\ChatToolCards.kt	59	private	val	DiffAddedColor		REFS=feature\chat\src\main\java\top\wkbin\taixu\ui\chat\ChatToolCards.kt|373
SAMEFILE	feature\chat\src\main\java\top\wkbin\taixu\ui\chat\ChatToolCards.kt	60	private	val	DiffDeletedColor		REFS=feature\chat\src\main\java\top\wkbin\taixu\ui\chat\ChatToolCards.kt|384
SAMEFILE	feature\chat\src\main\java\top\wkbin\taixu\ui\chat\ChatToolCards.kt	340	internal	fun	toolArgsSummary		REFS=feature\chat\src\main\java\top\wkbin\taixu\ui\chat\ChatToolCards.kt|132,feature\chat\src\main\java\top\wkbin\taixu\ui\chat\ChatToolCards.kt|134
SAMEFILE	feature\chat\src\main\java\top\wkbin\taixu\ui\chat\ChatToolCards.kt	351	internal	fun	DiffStatBadge	@Composable	REFS=feature\chat\src\main\java\top\wkbin\taixu\ui\chat\ChatToolCards.kt|149
SAMEFILE	feature\chat\src\main\java\top\wkbin\taixu\ui\chat\ChatToolCards.kt	390	private	val	DIFF_STAT_REGEX		REFS=feature\chat\src\main\java\top\wkbin\taixu\ui\chat\ChatToolCards.kt|401
SAMEFILE	feature\chat\src\main\java\top\wkbin\taixu\ui\chat\ChatToolCards.kt	395	internal	fun	parseDiffStat		REFS=feature\chat\src\main\java\top\wkbin\taixu\ui\chat\ChatToolCards.kt|145
SAMEFILE	feature\chat\src\main\java\top\wkbin\taixu\ui\chat\ChatViewModel.kt	70	private	val	MAX_RUNTIME_EVENTS		REFS=feature\chat\src\main\java\top\wkbin\taixu\ui\chat\ChatViewModel.kt|149
SAMEFILE	feature\chat\src\main\java\top\wkbin\taixu\ui\chat\ChatViewModel.kt	72	private	val	KEY_INPUT_DRAFT		REFS=feature\chat\src\main\java\top\wkbin\taixu\ui\chat\ChatViewModel.kt|333,feature\chat\src\main\java\top\wkbin\taixu\ui\chat\ChatViewModel.kt|339
SAMEFILE	feature\chat\src\main\java\top\wkbin\taixu\ui\chat\ChatViewModel.kt	1046	private	fun	synthesizeHistoricalEvents		REFS=feature\chat\src\main\java\top\wkbin\taixu\ui\chat\ChatViewModel.kt|1022,feature\chat\src\main\java\top\wkbin\taixu\ui\chat\ChatViewModel.kt|1042
SAMEFILE	feature\chat\src\main\java\top\wkbin\taixu\ui\chat\ChatViewModel.kt	1127	private	class	ContextUsageInputs		REFS=feature\chat\src\main\java\top\wkbin\taixu\ui\chat\ChatViewModel.kt|362
SAMEFILE	feature\chat\src\main\java\top\wkbin\taixu\ui\chat\ChatWorkbenchPanels.kt	183	private	fun	StatusDivider	@Composable	REFS=feature\browser\src\main\java\top\wkbin\taixu\ui\browser\BrowserScreen.kt|214,feature\browser\src\main\java\top\wkbin\taixu\ui\browser\BrowserScreen.kt|222,feature\browser\src\main\java\top\wkbin\taixu\ui\browser\BrowserScreen.kt|230,feature\browser\src\main\java\top\wkbin\taixu\ui\browser\BrowserScreen.kt|250,feature\chat\src\main\java\top\wkbin\taixu\ui\chat\ChatWorkbenchPanels.kt|132,feature\chat\src\main\java\top\wkbin\taixu\ui\chat\ChatWorkbenchPanels.kt|142,feature\chat\src\main\java\top\wkbin\taixu\ui\chat\ChatWorkbenchPanels.kt|152,feature\chat\src\main\java\top\wkbin\taixu\ui\chat\ChatWorkbenchPanels.kt|169
SAMEFILE	feature\chat\src\main\java\top\wkbin\taixu\ui\chat\ChatWorkbenchPanels.kt	293	private	fun	SectionLabel	@Composable	REFS=feature\settings\src\main\java\top\wkbin\taixu\ui\settings\SshSettingsScreen.kt|126,feature\settings\src\main\java\top\wkbin\taixu\ui\settings\SshSettingsScreen.kt|178,feature\settings\src\main\java\top\wkbin\taixu\ui\settings\SshSettingsScreen.kt|217,feature\settings\src\main\java\top\wkbin\taixu\ui\settings\SshSettingsScreen.kt|256,feature\settings\src\main\java\top\wkbin\taixu\ui\settings\SshSettingsScreen.kt|287,feature\settings\src\main\java\top\wkbin\taixu\ui\settings\SshSettingsScreen.kt|325,feature\chat\src\main\java\top\wkbin\taixu\ui\chat\ChatWorkbenchPanels.kt|272,feature\chat\src\main\java\top\wkbin\taixu\ui\chat\ChatWorkbenchPanels.kt|277
SAMEFILE	feature\chat\src\main\java\top\wkbin\taixu\ui\chat\ChatWorkbenchPanels.kt	302	private	fun	BranchCard	@Composable	REFS=feature\chat\src\main\java\top\wkbin\taixu\ui\chat\ChatWorkbenchPanels.kt|274,feature\chat\src\main\java\top\wkbin\taixu\ui\chat\ChatWorkbenchPanels.kt|279
SAMEFILE	feature\chat\src\main\java\top\wkbin\taixu\ui\chat\ChatWorkbenchPanels.kt	535	private	fun	subagentTaskDetails		REFS=feature\chat\src\main\java\top\wkbin\taixu\ui\chat\ChatWorkbenchPanels.kt|444
SAMEFILE	feature\chat\src\main\java\top\wkbin\taixu\ui\chat\ChatWorkbenchPanels.kt	543	private	fun	MiniBadge	@Composable	REFS=feature\chat\src\main\java\top\wkbin\taixu\ui\chat\ChatWorkbenchPanels.kt|322,feature\chat\src\main\java\top\wkbin\taixu\ui\chat\ChatWorkbenchPanels.kt|323,feature\chat\src\main\java\top\wkbin\taixu\ui\chat\ChatWorkbenchPanels.kt|324,feature\chat\src\main\java\top\wkbin\taixu\ui\chat\ChatWorkbenchPanels.kt|408,feature\chat\src\main\java\top\wkbin\taixu\ui\chat\ChatWorkbenchPanels.kt|409,feature\chat\src\main\java\top\wkbin\taixu\ui\chat\ChatWorkbenchPanels.kt|1364
SAMEFILE	feature\chat\src\main\java\top\wkbin\taixu\ui\chat\ChatWorkbenchPanels.kt	762	private	fun	CollapsibleRuntimeSectionCard	@Composable	REFS=feature\chat\src\main\java\top\wkbin\taixu\ui\chat\ChatWorkbenchPanels.kt|594,feature\chat\src\main\java\top\wkbin\taixu\ui\chat\ChatWorkbenchPanels.kt|651
SAMEFILE	feature\chat\src\main\java\top\wkbin\taixu\ui\chat\ChatWorkbenchPanels.kt	822	internal	class	RoundGroup		REFS=feature\chat\src\main\java\top\wkbin\taixu\ui\chat\ChatWorkbenchPanels.kt|861,feature\chat\src\main\java\top\wkbin\taixu\ui\chat\ChatWorkbenchPanels.kt|868,feature\chat\src\main\java\top\wkbin\taixu\ui\chat\ChatWorkbenchPanels.kt|870,feature\chat\src\main\java\top\wkbin\taixu\ui\chat\ChatWorkbenchPanels.kt|877,feature\chat\src\main\java\top\wkbin\taixu\ui\chat\ChatWorkbenchPanels.kt|888,feature\chat\src\main\java\top\wkbin\taixu\ui\chat\ChatWorkbenchPanels.kt|889,feature\chat\src\main\java\top\wkbin\taixu\ui\chat\ChatWorkbenchPanels.kt|949
SAMEFILE	feature\chat\src\main\java\top\wkbin\taixu\ui\chat\ChatWorkbenchPanels.kt	834	internal	interface	TimelineEntry		REFS=feature\chat\src\main\java\top\wkbin\taixu\ui\chat\ChatWorkbenchPanels.kt|830,feature\chat\src\main\java\top\wkbin\taixu\ui\chat\ChatWorkbenchPanels.kt|843,feature\chat\src\main\java\top\wkbin\taixu\ui\chat\ChatWorkbenchPanels.kt|852,feature\chat\src\main\java\top\wkbin\taixu\ui\chat\ChatWorkbenchPanels.kt|854,feature\chat\src\main\java\top\wkbin\taixu\ui\chat\ChatWorkbenchPanels.kt|906,feature\chat\src\main\java\top\wkbin\taixu\ui\chat\ChatWorkbenchPanels.kt|916,feature\chat\src\main\java\top\wkbin\taixu\ui\chat\ChatWorkbenchPanels.kt|930,feature\chat\src\main\java\top\wkbin\taixu\ui\chat\ChatWorkbenchPanels.kt|931,feature\chat\src\main\java\top\wkbin\taixu\ui\chat\ChatWorkbenchPanels.kt|936,feature\chat\src\main\java\top\wkbin\taixu\ui\chat\ChatWorkbenchPanels.kt|952,feature\chat\src\main\java\top\wkbin\taixu\ui\chat\ChatWorkbenchPanels.kt|1042,feature\chat\src\main\java\top\wkbin\taixu\ui\chat\ChatWorkbenchPanels.kt|1046,feature\chat\src\main\java\top\wkbin\taixu\ui\chat\ChatWorkbenchPanels.kt|1047,feature\chat\src\main\java\top\wkbin\taixu\ui\chat\ChatWorkbenchPanels.kt|1048,feature\chat\src\main\java\top\wkbin\taixu\ui\chat\ChatWorkbenchPanels.kt|1065,feature\chat\src\main\java\top\wkbin\taixu\ui\chat\ChatWorkbenchPanels.kt|1066,feature\chat\src\main\java\top\wkbin\taixu\ui\chat\ChatWorkbenchPanels.kt|1067,feature\chat\src\main\java\top\wkbin\taixu\ui\chat\ChatWorkbenchPanels.kt|1075,feature\chat\src\main\java\top\wkbin\taixu\ui\chat\ChatWorkbenchPanels.kt|1076,feature\chat\src\main\java\top\wkbin\taixu\ui\chat\ChatWorkbenchPanels.kt|1078,feature\chat\src\main\java\top\wkbin\taixu\ui\chat\ChatWorkbenchPanels.kt|1141,feature\chat\src\main\java\top\wkbin\taixu\ui\chat\ChatWorkbenchPanels.kt|1142,feature\chat\src\main\java\top\wkbin\taixu\ui\chat\ChatWorkbenchPanels.kt|1143,feature\chat\src\main\java\top\wkbin\taixu\ui\chat\ChatWorkbenchPanels.kt|1151
SAMEFILE	feature\chat\src\main\java\top\wkbin\taixu\ui\chat\ChatWorkbenchPanels.kt	948	private	fun	RoundSection	@Composable	REFS=feature\chat\src\main\java\top\wkbin\taixu\ui\chat\ChatWorkbenchPanels.kt|738
SAMEFILE	feature\chat\src\main\java\top\wkbin\taixu\ui\chat\ChatWorkbenchPanels.kt	1042	private	fun	RoundEntryRow	@Composable	REFS=feature\chat\src\main\java\top\wkbin\taixu\ui\chat\ChatWorkbenchPanels.kt|1035
SAMEFILE	feature\chat\src\main\java\top\wkbin\taixu\ui\chat\ChatWorkbenchPanels.kt	1151	private	fun	ToolExpandContent	@Composable	REFS=feature\chat\src\main\java\top\wkbin\taixu\ui\chat\ChatWorkbenchPanels.kt|1141
SAMEFILE	feature\chat\src\main\java\top\wkbin\taixu\ui\chat\ChatWorkbenchPanels.kt	1166	private	fun	AssistantExpandContent	@Composable	REFS=feature\chat\src\main\java\top\wkbin\taixu\ui\chat\ChatWorkbenchPanels.kt|1142
SAMEFILE	feature\chat\src\main\java\top\wkbin\taixu\ui\chat\ChatWorkbenchPanels.kt	1182	private	fun	PayloadBox	@Composable	REFS=feature\chat\src\main\java\top\wkbin\taixu\ui\chat\ChatWorkbenchPanels.kt|1154,feature\chat\src\main\java\top\wkbin\taixu\ui\chat\ChatWorkbenchPanels.kt|1157,feature\chat\src\main\java\top\wkbin\taixu\ui\chat\ChatWorkbenchPanels.kt|1169,feature\chat\src\main\java\top\wkbin\taixu\ui\chat\ChatWorkbenchPanels.kt|1175
SAMEFILE	feature\chat\src\main\java\top\wkbin\taixu\ui\chat\ChatWorkbenchPanels.kt	1220	private	fun	StatPill	@Composable	REFS=feature\chat\src\main\java\top\wkbin\taixu\ui\chat\ChatWorkbenchPanels.kt|728,feature\chat\src\main\java\top\wkbin\taixu\ui\chat\ChatWorkbenchPanels.kt|729,feature\chat\src\main\java\top\wkbin\taixu\ui\chat\ChatWorkbenchPanels.kt|730,feature\chat\src\main\java\top\wkbin\taixu\ui\chat\ChatWorkbenchPanels.kt|731
SAMEFILE	feature\chat\src\main\java\top\wkbin\taixu\ui\chat\ChatWorkbenchPanels.kt	1244	private	fun	RuntimeEventRow	@Composable	REFS=feature\chat\src\main\java\top\wkbin\taixu\ui\chat\ChatWorkbenchPanels.kt|754
SAMEFILE	feature\chat\src\main\java\top\wkbin\taixu\ui\chat\ChatWorkbenchPanels.kt	1282	private	class	EventVisual		REFS=feature\chat\src\main\java\top\wkbin\taixu\ui\chat\ChatWorkbenchPanels.kt|1286,feature\chat\src\main\java\top\wkbin\taixu\ui\chat\ChatWorkbenchPanels.kt|1291,feature\chat\src\main\java\top\wkbin\taixu\ui\chat\ChatWorkbenchPanels.kt|1297,feature\chat\src\main\java\top\wkbin\taixu\ui\chat\ChatWorkbenchPanels.kt|1305,feature\chat\src\main\java\top\wkbin\taixu\ui\chat\ChatWorkbenchPanels.kt|1310,feature\chat\src\main\java\top\wkbin\taixu\ui\chat\ChatWorkbenchPanels.kt|1315,feature\chat\src\main\java\top\wkbin\taixu\ui\chat\ChatWorkbenchPanels.kt|1323,feature\chat\src\main\java\top\wkbin\taixu\ui\chat\ChatWorkbenchPanels.kt|1328,feature\chat\src\main\java\top\wkbin\taixu\ui\chat\ChatWorkbenchPanels.kt|1333
SAMEFILE	feature\chat\src\main\java\top\wkbin\taixu\ui\chat\ChatWorkbenchPanels.kt	1285	private	fun	eventVisual	@Composable	REFS=feature\chat\src\main\java\top\wkbin\taixu\ui\chat\ChatWorkbenchPanels.kt|1286,feature\chat\src\main\java\top\wkbin\taixu\ui\chat\ChatWorkbenchPanels.kt|1291,feature\chat\src\main\java\top\wkbin\taixu\ui\chat\ChatWorkbenchPanels.kt|1297,feature\chat\src\main\java\top\wkbin\taixu\ui\chat\ChatWorkbenchPanels.kt|1305,feature\chat\src\main\java\top\wkbin\taixu\ui\chat\ChatWorkbenchPanels.kt|1310,feature\chat\src\main\java\top\wkbin\taixu\ui\chat\ChatWorkbenchPanels.kt|1315,feature\chat\src\main\java\top\wkbin\taixu\ui\chat\ChatWorkbenchPanels.kt|1323,feature\chat\src\main\java\top\wkbin\taixu\ui\chat\ChatWorkbenchPanels.kt|1328,feature\chat\src\main\java\top\wkbin\taixu\ui\chat\ChatWorkbenchPanels.kt|1333
SAMEFILE	feature\chat\src\main\java\top\wkbin\taixu\ui\chat\ChatWorkbenchPanels.kt	1446	private	fun	formatEventTime		REFS=feature\chat\src\main\java\top\wkbin\taixu\ui\chat\ChatWorkbenchPanels.kt|1109,feature\chat\src\main\java\top\wkbin\taixu\ui\chat\ChatWorkbenchPanels.kt|1264
SAMEFILE	feature\chat\src\main\java\top\wkbin\taixu\ui\chat\ChatWorkbenchPanels.kt	1447	private	fun	formatPanelDuration		REFS=feature\chat\src\main\java\top\wkbin\taixu\ui\chat\ChatWorkbenchPanels.kt|1068,feature\chat\src\main\java\top\wkbin\taixu\ui\chat\ChatWorkbenchPanels.kt|1320
SAMEFILE	feature\chat\src\main\java\top\wkbin\taixu\ui\chat\ChatWorkbenchPanels.kt	1449	private	val	PAYLOAD_JSON		REFS=feature\chat\src\main\java\top\wkbin\taixu\ui\chat\ChatWorkbenchPanels.kt|1452
SAMEFILE	feature\chat\src\main\java\top\wkbin\taixu\ui\chat\ChatWorkbenchPanels.kt	1451	private	fun	prettyArgs		REFS=feature\chat\src\main\java\top\wkbin\taixu\ui\chat\ToolActivityPill.kt|262,feature\chat\src\main\java\top\wkbin\taixu\ui\chat\ChatWorkbenchPanels.kt|1154
SAMEFILE	feature\chat\src\main\java\top\wkbin\taixu\ui\chat\ChatWorkbenchPanels.kt	1505	private	val	MAX_DIAGNOSTIC_TEXT_CHARS		REFS=feature\chat\src\main\java\top\wkbin\taixu\ui\chat\ChatWorkbenchPanels.kt|1454,feature\chat\src\main\java\top\wkbin\taixu\ui\chat\ChatWorkbenchPanels.kt|1466
SAMEFILE	feature\chat\src\main\java\top\wkbin\taixu\ui\chat\ChatWorkbenchPanels.kt	1506	private	val	DIAGNOSTIC_PREVIEW_LINES		REFS=feature\chat\src\main\java\top\wkbin\taixu\ui\chat\ChatWorkbenchPanels.kt|631,feature\chat\src\main\java\top\wkbin\taixu\ui\chat\ChatWorkbenchPanels.kt|688
SAMEFILE	feature\chat\src\main\java\top\wkbin\taixu\ui\chat\ContextUsageRing.kt	177	private	fun	UsageBreakdownRow	@Composable	REFS=feature\chat\src\main\java\top\wkbin\taixu\ui\chat\ContextUsageRing.kt|150,feature\chat\src\main\java\top\wkbin\taixu\ui\chat\ContextUsageRing.kt|154,feature\chat\src\main\java\top\wkbin\taixu\ui\chat\ContextUsageRing.kt|158
SAMEFILE	feature\chat\src\main\java\top\wkbin\taixu\ui\chat\ContextUsageRing.kt	201	private	fun	formatContextTokens		REFS=feature\chat\src\main\java\top\wkbin\taixu\ui\chat\ContextUsageRing.kt|130,feature\chat\src\main\java\top\wkbin\taixu\ui\chat\ContextUsageRing.kt|130,feature\chat\src\main\java\top\wkbin\taixu\ui\chat\ContextUsageRing.kt|193
SAMEFILE	feature\chat\src\main\java\top\wkbin\taixu\ui\chat\MarkdownText.kt	107	private	fun	resolveMediaSource		REFS=feature\chat\src\main\java\top\wkbin\taixu\ui\chat\MarkdownText.kt|523,feature\chat\src\main\java\top\wkbin\taixu\ui\chat\MarkdownText.kt|616
SAMEFILE	feature\chat\src\main\java\top\wkbin\taixu\ui\chat\MarkdownText.kt	175	private	interface	MdBlock		REFS=feature\chat\src\main\java\top\wkbin\taixu\ui\chat\MarkdownText.kt|177,feature\chat\src\main\java\top\wkbin\taixu\ui\chat\MarkdownText.kt|178,feature\chat\src\main\java\top\wkbin\taixu\ui\chat\MarkdownText.kt|179,feature\chat\src\main\java\top\wkbin\taixu\ui\chat\MarkdownText.kt|180,feature\chat\src\main\java\top\wkbin\taixu\ui\chat\MarkdownText.kt|181,feature\chat\src\main\java\top\wkbin\taixu\ui\chat\MarkdownText.kt|182,feature\chat\src\main\java\top\wkbin\taixu\ui\chat\MarkdownText.kt|183,feature\chat\src\main\java\top\wkbin\taixu\ui\chat\MarkdownText.kt|184,feature\chat\src\main\java\top\wkbin\taixu\ui\chat\MarkdownText.kt|204,feature\chat\src\main\java\top\wkbin\taixu\ui\chat\MarkdownText.kt|206,feature\chat\src\main\java\top\wkbin\taixu\ui\chat\MarkdownText.kt|209,feature\chat\src\main\java\top\wkbin\taixu\ui\chat\MarkdownText.kt|223,feature\chat\src\main\java\top\wkbin\taixu\ui\chat\MarkdownText.kt|225,feature\chat\src\main\java\top\wkbin\taixu\ui\chat\MarkdownText.kt|323,feature\chat\src\main\java\top\wkbin\taixu\ui\chat\MarkdownText.kt|325
SAMEFILE	feature\chat\src\main\java\top\wkbin\taixu\ui\chat\MarkdownText.kt	177	private	class	MdParagraph		REFS=feature\chat\src\main\java\top\wkbin\taixu\ui\chat\MarkdownText.kt|148,feature\chat\src\main\java\top\wkbin\taixu\ui\chat\MarkdownText.kt|216,feature\chat\src\main\java\top\wkbin\taixu\ui\chat\MarkdownText.kt|312,feature\chat\src\main\java\top\wkbin\taixu\ui\chat\MarkdownText.kt|324,feature\chat\src\main\java\top\wkbin\taixu\ui\chat\MarkdownText.kt|361,feature\chat\src\main\java\top\wkbin\taixu\ui\chat\MarkdownText.kt|380,feature\chat\src\main\java\top\wkbin\taixu\ui\chat\MarkdownText.kt|383
SAMEFILE	feature\chat\src\main\java\top\wkbin\taixu\ui\chat\MarkdownText.kt	178	private	class	MdHeading		REFS=feature\chat\src\main\java\top\wkbin\taixu\ui\chat\MarkdownText.kt|149,feature\chat\src\main\java\top\wkbin\taixu\ui\chat\MarkdownText.kt|258
SAMEFILE	feature\chat\src\main\java\top\wkbin\taixu\ui\chat\MarkdownText.kt	179	private	class	MdCodeBlock		REFS=feature\chat\src\main\java\top\wkbin\taixu\ui\chat\MarkdownText.kt|159,feature\chat\src\main\java\top\wkbin\taixu\ui\chat\MarkdownText.kt|239,feature\chat\src\main\java\top\wkbin\taixu\ui\chat\MarkdownText.kt|867
SAMEFILE	feature\chat\src\main\java\top\wkbin\taixu\ui\chat\MarkdownText.kt	180	private	class	MdList		REFS=feature\chat\src\main\java\top\wkbin\taixu\ui\chat\MarkdownText.kt|160,feature\chat\src\main\java\top\wkbin\taixu\ui\chat\MarkdownText.kt|291,feature\chat\src\main\java\top\wkbin\taixu\ui\chat\MarkdownText.kt|1016
SAMEFILE	feature\chat\src\main\java\top\wkbin\taixu\ui\chat\MarkdownText.kt	181	private	class	MdQuote		REFS=feature\chat\src\main\java\top\wkbin\taixu\ui\chat\MarkdownText.kt|161,feature\chat\src\main\java\top\wkbin\taixu\ui\chat\MarkdownText.kt|280,feature\chat\src\main\java\top\wkbin\taixu\ui\chat\MarkdownText.kt|1033
SAMEFILE	feature\chat\src\main\java\top\wkbin\taixu\ui\chat\MarkdownText.kt	182	private	class	MdTable		REFS=feature\chat\src\main\java\top\wkbin\taixu\ui\chat\MarkdownText.kt|162,feature\chat\src\main\java\top\wkbin\taixu\ui\chat\MarkdownText.kt|271,feature\chat\src\main\java\top\wkbin\taixu\ui\chat\MarkdownText.kt|973
SAMEFILE	feature\chat\src\main\java\top\wkbin\taixu\ui\chat\MarkdownText.kt	183	private	class	MdRemoteMedia		REFS=feature\chat\src\main\java\top\wkbin\taixu\ui\chat\MarkdownText.kt|163,feature\chat\src\main\java\top\wkbin\taixu\ui\chat\MarkdownText.kt|244,feature\chat\src\main\java\top\wkbin\taixu\ui\chat\MarkdownText.kt|253,feature\chat\src\main\java\top\wkbin\taixu\ui\chat\MarkdownText.kt|370,feature\chat\src\main\java\top\wkbin\taixu\ui\chat\MarkdownText.kt|506,feature\chat\src\main\java\top\wkbin\taixu\ui\chat\MarkdownText.kt|612
SAMEFILE	feature\chat\src\main\java\top\wkbin\taixu\ui\chat\MarkdownText.kt	184	private	object	MdHr		REFS=feature\chat\src\main\java\top\wkbin\taixu\ui\chat\MarkdownText.kt|167,feature\chat\src\main\java\top\wkbin\taixu\ui\chat\MarkdownText.kt|273
SAMEFILE	feature\chat\src\main\java\top\wkbin\taixu\ui\chat\MarkdownText.kt	186	private	val	headingRegex		REFS=feature\chat\src\main\java\top\wkbin\taixu\ui\chat\MarkdownText.kt|256,feature\chat\src\main\java\top\wkbin\taixu\ui\chat\MarkdownText.kt|257,feature\chat\src\main\java\top\wkbin\taixu\ui\chat\MarkdownText.kt|300
SAMEFILE	feature\chat\src\main\java\top\wkbin\taixu\ui\chat\MarkdownText.kt	187	private	val	orderedListRegex		REFS=feature\chat\src\main\java\top\wkbin\taixu\ui\chat\MarkdownText.kt|282,feature\chat\src\main\java\top\wkbin\taixu\ui\chat\MarkdownText.kt|283,feature\chat\src\main\java\top\wkbin\taixu\ui\chat\MarkdownText.kt|285,feature\chat\src\main\java\top\wkbin\taixu\ui\chat\MarkdownText.kt|287,feature\chat\src\main\java\top\wkbin\taixu\ui\chat\MarkdownText.kt|307
SAMEFILE	feature\chat\src\main\java\top\wkbin\taixu\ui\chat\MarkdownText.kt	188	private	val	unorderedListRegex		REFS=feature\chat\src\main\java\top\wkbin\taixu\ui\chat\MarkdownText.kt|282,feature\chat\src\main\java\top\wkbin\taixu\ui\chat\MarkdownText.kt|285,feature\chat\src\main\java\top\wkbin\taixu\ui\chat\MarkdownText.kt|287,feature\chat\src\main\java\top\wkbin\taixu\ui\chat\MarkdownText.kt|308
SAMEFILE	feature\chat\src\main\java\top\wkbin\taixu\ui\chat\MarkdownText.kt	189	private	val	hrRegex		REFS=feature\chat\src\main\java\top\wkbin\taixu\ui\chat\MarkdownText.kt|273,feature\chat\src\main\java\top\wkbin\taixu\ui\chat\MarkdownText.kt|301
SAMEFILE	feature\chat\src\main\java\top\wkbin\taixu\ui\chat\MarkdownText.kt	190	private	val	markdownImageRegex		REFS=feature\chat\src\main\java\top\wkbin\taixu\ui\chat\MarkdownText.kt|241,feature\chat\src\main\java\top\wkbin\taixu\ui\chat\MarkdownText.kt|242,feature\chat\src\main\java\top\wkbin\taixu\ui\chat\MarkdownText.kt|305
SAMEFILE	feature\chat\src\main\java\top\wkbin\taixu\ui\chat\MarkdownText.kt	195	private	val	inlineImageRegex		REFS=feature\chat\src\main\java\top\wkbin\taixu\ui\chat\MarkdownText.kt|331
SAMEFILE	feature\chat\src\main\java\top\wkbin\taixu\ui\chat\MarkdownText.kt	197	private	val	htmlImgRegex		REFS=feature\chat\src\main\java\top\wkbin\taixu\ui\chat\MarkdownText.kt|332
SAMEFILE	feature\chat\src\main\java\top\wkbin\taixu\ui\chat\MarkdownText.kt	198	private	val	standaloneWebUrlRegex		REFS=feature\chat\src\main\java\top\wkbin\taixu\ui\chat\MarkdownText.kt|251,feature\chat\src\main\java\top\wkbin\taixu\ui\chat\MarkdownText.kt|306
SAMEFILE	feature\chat\src\main\java\top\wkbin\taixu\ui\chat\MarkdownText.kt	199	private	val	inlineMarkdownLinkRegex		REFS=feature\chat\src\main\java\top\wkbin\taixu\ui\chat\MarkdownText.kt|462
SAMEFILE	feature\chat\src\main\java\top\wkbin\taixu\ui\chat\MarkdownText.kt	200	private	val	inlineWebUrlRegex		REFS=feature\chat\src\main\java\top\wkbin\taixu\ui\chat\MarkdownText.kt|333,feature\chat\src\main\java\top\wkbin\taixu\ui\chat\MarkdownText.kt|472
SAMEFILE	feature\chat\src\main\java\top\wkbin\taixu\ui\chat\MarkdownText.kt	202	private	val	imageFileExtensions		REFS=feature\chat\src\main\java\top\wkbin\taixu\ui\chat\MarkdownText.kt|353
SAMEFILE	feature\chat\src\main\java\top\wkbin\taixu\ui\chat\MarkdownText.kt	204	private	val	markdownBlockCache		REFS=feature\chat\src\main\java\top\wkbin\taixu\ui\chat\MarkdownText.kt|211,feature\chat\src\main\java\top\wkbin\taixu\ui\chat\MarkdownText.kt|219
SAMEFILE	feature\chat\src\main\java\top\wkbin\taixu\ui\chat\MarkdownText.kt	206	private	val	largeMarkdownBlockCache		REFS=feature\chat\src\main\java\top\wkbin\taixu\ui\chat\MarkdownText.kt|138,feature\chat\src\main\java\top\wkbin\taixu\ui\chat\MarkdownText.kt|141
SAMEFILE	feature\chat\src\main\java\top\wkbin\taixu\ui\chat\MarkdownText.kt	207	private	val	inlineSpanCache		REFS=feature\chat\src\main\java\top\wkbin\taixu\ui\chat\MarkdownText.kt|414,feature\chat\src\main\java\top\wkbin\taixu\ui\chat\MarkdownText.kt|493
SAMEFILE	feature\chat\src\main\java\top\wkbin\taixu\ui\chat\MarkdownText.kt	209	private	fun	parseMarkdownBlocks		REFS=feature\chat\src\main\java\top\wkbin\taixu\ui\chat\MarkdownText.kt|139
SAMEFILE	feature\chat\src\main\java\top\wkbin\taixu\ui\chat\MarkdownText.kt	223	private	fun	parseRawBlocks		REFS=feature\chat\src\main\java\top\wkbin\taixu\ui\chat\MarkdownText.kt|212
SAMEFILE	feature\chat\src\main\java\top\wkbin\taixu\ui\chat\MarkdownText.kt	323	private	fun	extractInlineMedia		REFS=feature\chat\src\main\java\top\wkbin\taixu\ui\chat\MarkdownText.kt|216
SAMEFILE	feature\chat\src\main\java\top\wkbin\taixu\ui\chat\MarkdownText.kt	389	private	fun	InlineText	@Composable	REFS=feature\chat\src\main\java\top\wkbin\taixu\ui\chat\MarkdownText.kt|148,feature\chat\src\main\java\top\wkbin\taixu\ui\chat\MarkdownText.kt|149,feature\chat\src\main\java\top\wkbin\taixu\ui\chat\MarkdownText.kt|991,feature\chat\src\main\java\top\wkbin\taixu\ui\chat\MarkdownText.kt|1003,feature\chat\src\main\java\top\wkbin\taixu\ui\chat\MarkdownText.kt|1026,feature\chat\src\main\java\top\wkbin\taixu\ui\chat\MarkdownText.kt|1042
SAMEFILE	feature\chat\src\main\java\top\wkbin\taixu\ui\chat\MarkdownText.kt	406	private	fun	buildInline		REFS=feature\chat\src\main\java\top\wkbin\taixu\ui\chat\MarkdownText.kt|401
SAMEFILE	feature\chat\src\main\java\top\wkbin\taixu\ui\chat\MarkdownText.kt	497	private	fun	trimUrlPunctuation		REFS=feature\chat\src\main\java\top\wkbin\taixu\ui\chat\MarkdownText.kt|252,feature\chat\src\main\java\top\wkbin\taixu\ui\chat\MarkdownText.kt|352,feature\chat\src\main\java\top\wkbin\taixu\ui\chat\MarkdownText.kt|367,feature\chat\src\main\java\top\wkbin\taixu\ui\chat\MarkdownText.kt|474
SAMEFILE	feature\chat\src\main\java\top\wkbin\taixu\ui\chat\MarkdownText.kt	506	private	fun	RemoteMediaBlock	@Composable	REFS=feature\chat\src\main\java\top\wkbin\taixu\ui\chat\MarkdownText.kt|163
SAMEFILE	feature\chat\src\main\java\top\wkbin\taixu\ui\chat\MarkdownText.kt	612	private	fun	ImagePreviewDialog	@Composable	REFS=feature\chat\src\main\java\top\wkbin\taixu\ui\chat\MarkdownText.kt|603
SAMEFILE	feature\chat\src\main\java\top\wkbin\taixu\ui\chat\MarkdownText.kt	768	private	fun	imageRequest		REFS=feature\chat\src\main\java\top\wkbin\taixu\ui\chat\MarkdownText.kt|645
SAMEFILE	feature\chat\src\main\java\top\wkbin\taixu\ui\chat\MarkdownText.kt	771	private	fun	imageMimeType		REFS=feature\chat\src\main\java\top\wkbin\taixu\ui\chat\MarkdownText.kt|617
SAMEFILE	feature\chat\src\main\java\top\wkbin\taixu\ui\chat\MarkdownText.kt	785	private	fun	imageExtension		REFS=feature\chat\src\main\java\top\wkbin\taixu\ui\chat\MarkdownText.kt|797
SAMEFILE	feature\chat\src\main\java\top\wkbin\taixu\ui\chat\MarkdownText.kt	794	private	fun	saveImageToGallery		REFS=feature\chat\src\main\java\top\wkbin\taixu\ui\chat\MarkdownText.kt|740
SAMEFILE	feature\chat\src\main\java\top\wkbin\taixu\ui\chat\MarkdownText.kt	818	private	fun	copyImageSource		REFS=feature\chat\src\main\java\top\wkbin\taixu\ui\chat\MarkdownText.kt|804
ZERO	feature\chat\src\main\java\top\wkbin\taixu\ui\chat\MarkdownText.kt	850	private	fun	MediaStateBox	@Composable
SAMEFILE	feature\chat\src\main\java\top\wkbin\taixu\ui\chat\MarkdownText.kt	861	private	val	MEDIA_MAX_WIDTH		REFS=feature\chat\src\main\java\top\wkbin\taixu\ui\chat\MarkdownText.kt|514,feature\chat\src\main\java\top\wkbin\taixu\ui\chat\MarkdownText.kt|537,feature\chat\src\main\java\top\wkbin\taixu\ui\chat\MarkdownText.kt|540,feature\chat\src\main\java\top\wkbin\taixu\ui\chat\MarkdownText.kt|853
SAMEFILE	feature\chat\src\main\java\top\wkbin\taixu\ui\chat\MarkdownText.kt	862	private	val	MEDIA_MAX_HEIGHT		REFS=feature\chat\src\main\java\top\wkbin\taixu\ui\chat\MarkdownText.kt|515,feature\chat\src\main\java\top\wkbin\taixu\ui\chat\MarkdownText.kt|537
SAMEFILE	feature\chat\src\main\java\top\wkbin\taixu\ui\chat\MarkdownText.kt	863	private	val	MEDIA_PLACEHOLDER_HEIGHT		REFS=feature\chat\src\main\java\top\wkbin\taixu\ui\chat\MarkdownText.kt|541,feature\chat\src\main\java\top\wkbin\taixu\ui\chat\MarkdownText.kt|854
SAMEFILE	feature\chat\src\main\java\top\wkbin\taixu\ui\chat\MarkdownText.kt	864	private	val	MARKDOWN_CACHE_MAX_CHARS		REFS=feature\chat\src\main\java\top\wkbin\taixu\ui\chat\MarkdownText.kt|140,feature\chat\src\main\java\top\wkbin\taixu\ui\chat\MarkdownText.kt|210
SAMEFILE	feature\chat\src\main\java\top\wkbin\taixu\ui\chat\MarkdownText.kt	867	private	fun	CodeBlock	@Composable	REFS=feature\chat\src\main\java\top\wkbin\taixu\ui\chat\MarkdownText.kt|159
SAMEFILE	feature\chat\src\main\java\top\wkbin\taixu\ui\chat\MarkdownText.kt	955	private	fun	splitRow		REFS=feature\chat\src\main\java\top\wkbin\taixu\ui\chat\MarkdownText.kt|262,feature\chat\src\main\java\top\wkbin\taixu\ui\chat\MarkdownText.kt|268
SAMEFILE	feature\chat\src\main\java\top\wkbin\taixu\ui\chat\MarkdownText.kt	958	private	fun	isTableSeparator		REFS=feature\chat\src\main\java\top\wkbin\taixu\ui\chat\MarkdownText.kt|970
SAMEFILE	feature\chat\src\main\java\top\wkbin\taixu\ui\chat\MarkdownText.kt	969	private	fun	isTableStart		REFS=feature\chat\src\main\java\top\wkbin\taixu\ui\chat\MarkdownText.kt|261,feature\chat\src\main\java\top\wkbin\taixu\ui\chat\MarkdownText.kt|302
SAMEFILE	feature\chat\src\main\java\top\wkbin\taixu\ui\chat\MarkdownText.kt	973	private	fun	TableBlock	@Composable	REFS=feature\chat\src\main\java\top\wkbin\taixu\ui\chat\MarkdownText.kt|162
SAMEFILE	feature\chat\src\main\java\top\wkbin\taixu\ui\chat\MarkdownText.kt	1016	private	fun	ListBlock	@Composable	REFS=feature\chat\src\main\java\top\wkbin\taixu\ui\chat\MarkdownText.kt|160
SAMEFILE	feature\chat\src\main\java\top\wkbin\taixu\ui\chat\MarkdownText.kt	1033	private	fun	QuoteBlock	@Composable	REFS=feature\chat\src\main\java\top\wkbin\taixu\ui\chat\MarkdownText.kt|161
SAMEFILE	feature\chat\src\main\java\top\wkbin\taixu\ui\chat\PlanBoard.kt	54	public	class	PlanStepUi		REFS=feature\chat\src\main\java\top\wkbin\taixu\ui\chat\PlanBoard.kt|73,feature\chat\src\main\java\top\wkbin\taixu\ui\chat\PlanBoard.kt|79,feature\chat\src\main\java\top\wkbin\taixu\ui\chat\PlanBoard.kt|85,feature\chat\src\main\java\top\wkbin\taixu\ui\chat\PlanBoard.kt|86,feature\chat\src\main\java\top\wkbin\taixu\ui\chat\PlanBoard.kt|91,feature\chat\src\main\java\top\wkbin\taixu\ui\chat\PlanBoard.kt|103,feature\chat\src\main\java\top\wkbin\taixu\ui\chat\PlanBoard.kt|137,feature\chat\src\main\java\top\wkbin\taixu\ui\chat\PlanBoard.kt|140,feature\chat\src\main\java\top\wkbin\taixu\ui\chat\PlanBoard.kt|151,feature\chat\src\main\java\top\wkbin\taixu\ui\chat\PlanBoard.kt|251
SAMEFILE	feature\chat\src\main\java\top\wkbin\taixu\ui\chat\PlanBoard.kt	149	internal	fun	SessionPlanBoardCard	@Composable	REFS=feature\chat\src\main\java\top\wkbin\taixu\ui\chat\PlanBoard.kt|245
SAMEFILE	feature\chat\src\main\java\top\wkbin\taixu\ui\chat\SessionMemorySheet.kt	238	private	fun	EmptyHint	@Composable	REFS=feature\chat\src\main\java\top\wkbin\taixu\ui\chat\SessionMemorySheet.kt|96,feature\chat\src\main\java\top\wkbin\taixu\ui\chat\SessionMemorySheet.kt|142
SAMEFILE	feature\chat\src\main\java\top\wkbin\taixu\ui\chat\SessionMemorySheet.kt	248	private	fun	MemoryRow	@Composable	REFS=feature\chat\src\main\java\top\wkbin\taixu\ui\chat\SessionMemorySheet.kt|101,feature\chat\src\main\java\top\wkbin\taixu\ui\chat\SessionMemorySheet.kt|147
SAMEFILE	feature\chat\src\main\java\top\wkbin\taixu\ui\chat\SubagentCard.kt	289	private	fun	matchSubagentBranch		REFS=feature\chat\src\main\java\top\wkbin\taixu\ui\chat\SubagentCard.kt|188
SAMEFILE	feature\chat\src\main\java\top\wkbin\taixu\ui\chat\ToolActivityPill.kt	340	private	val	ARG_PREVIEW_LENGTH		REFS=feature\chat\src\main\java\top\wkbin\taixu\ui\chat\ToolActivityPill.kt|310,feature\chat\src\main\java\top\wkbin\taixu\ui\chat\ToolActivityPill.kt|311,feature\chat\src\main\java\top\wkbin\taixu\ui\chat\ToolActivityPill.kt|318
SAMEFILE	feature\chat\src\main\java\top\wkbin\taixu\ui\chat\ToolActivityPill.kt	341	private	val	PRETTY_JSON		REFS=feature\chat\src\main\java\top\wkbin\taixu\ui\chat\ToolActivityPill.kt|345
SAMEFILE	feature\chat\src\main\java\top\wkbin\taixu\ui\chat\ToolActivityPill.kt	343	private	fun	prettyArgs		REFS=feature\chat\src\main\java\top\wkbin\taixu\ui\chat\ToolActivityPill.kt|262,feature\chat\src\main\java\top\wkbin\taixu\ui\chat\ChatWorkbenchPanels.kt|1154
SAMEFILE	feature\chat\src\main\java\top\wkbin\taixu\ui\chat\ToolActivityPill.kt	348	private	fun	formatDuration		REFS=feature\chat\src\main\java\top\wkbin\taixu\ui\chat\ToolActivityPill.kt|223,feature\chat\src\main\java\top\wkbin\taixu\ui\chat\ToolActivityPill.kt|259
SAMEFILE	feature\chat\src\main\java\top\wkbin\taixu\ui\chat\ToolActivityPill.kt	352	private	fun	formatToolSummary		REFS=feature\chat\src\main\java\top\wkbin\taixu\ui\chat\ToolActivityPill.kt|163
SAMEFILE	feature\chat\src\main\java\top\wkbin\taixu\ui\chat\ToolDiffView.kt	51	private	val	DiffAddedBg		REFS=feature\chat\src\main\java\top\wkbin\taixu\ui\chat\ToolDiffView.kt|113
SAMEFILE	feature\chat\src\main\java\top\wkbin\taixu\ui\chat\ToolDiffView.kt	52	private	val	DiffAddedText		REFS=feature\chat\src\main\java\top\wkbin\taixu\ui\chat\ToolDiffView.kt|113
SAMEFILE	feature\chat\src\main\java\top\wkbin\taixu\ui\chat\ToolDiffView.kt	53	private	val	DiffRemovedBg		REFS=feature\chat\src\main\java\top\wkbin\taixu\ui\chat\ToolDiffView.kt|110
SAMEFILE	feature\chat\src\main\java\top\wkbin\taixu\ui\chat\ToolDiffView.kt	54	private	val	DiffRemovedText		REFS=feature\chat\src\main\java\top\wkbin\taixu\ui\chat\ToolDiffView.kt|110
SAMEFILE	feature\chat\src\main\java\top\wkbin\taixu\ui\chat\ToolDiffView.kt	55	private	val	TerminalBoxBg		REFS=feature\chat\src\main\java\top\wkbin\taixu\ui\chat\ToolDiffView.kt|267
SAMEFILE	feature\chat\src\main\java\top\wkbin\taixu\ui\chat\ToolDiffView.kt	85	private	fun	EditToolDiff	@Composable	REFS=feature\chat\src\main\java\top\wkbin\taixu\ui\chat\ToolDiffView.kt|73
SAMEFILE	feature\chat\src\main\java\top\wkbin\taixu\ui\chat\ToolDiffView.kt	130	private	fun	DiffLine	@Composable	REFS=feature\chat\src\main\java\top\wkbin\taixu\ui\chat\ToolDiffView.kt|110,feature\chat\src\main\java\top\wkbin\taixu\ui\chat\ToolDiffView.kt|113
SAMEFILE	feature\chat\src\main\java\top\wkbin\taixu\ui\chat\ToolDiffView.kt	145	private	fun	WriteToolDiff	@Composable	REFS=feature\chat\src\main\java\top\wkbin\taixu\ui\chat\ToolDiffView.kt|74
SAMEFILE	feature\chat\src\main\java\top\wkbin\taixu\ui\chat\ToolDiffView.kt	191	private	fun	ReadToolDiff	@Composable	REFS=feature\chat\src\main\java\top\wkbin\taixu\ui\chat\ToolDiffView.kt|75
SAMEFILE	feature\chat\src\main\java\top\wkbin\taixu\ui\chat\ToolDiffView.kt	226	private	fun	BaseToolDiff	@Composable	REFS=feature\chat\src\main\java\top\wkbin\taixu\ui\chat\ToolDiffView.kt|76,feature\chat\src\main\java\top\wkbin\taixu\ui\chat\ToolDiffView.kt|79
SAMEFILE	feature\chat\src\main\java\top\wkbin\taixu\ui\chat\ToolDiffView.kt	285	private	fun	FilePathHeader	@Composable | @OptIn(androidx.compose.material3.ExperimentalMaterial3Api::class)	REFS=feature\chat\src\main\java\top\wkbin\taixu\ui\chat\ToolDiffView.kt|96,feature\chat\src\main\java\top\wkbin\taixu\ui\chat\ToolDiffView.kt|154,feature\chat\src\main\java\top\wkbin\taixu\ui\chat\ToolDiffView.kt|198
SAMEFILE	feature\chat\src\main\java\top\wkbin\taixu\ui\chat\artifact\ArtifactPreviewSheet.kt	73	public	class	ArtifactViewMode		REFS=feature\chat\src\main\java\top\wkbin\taixu\ui\chat\artifact\ArtifactPreviewSheet.kt|127,feature\chat\src\main\java\top\wkbin\taixu\ui\chat\artifact\ArtifactPreviewSheet.kt|127,feature\chat\src\main\java\top\wkbin\taixu\ui\chat\artifact\ArtifactPreviewSheet.kt|152,feature\chat\src\main\java\top\wkbin\taixu\ui\chat\artifact\ArtifactPreviewSheet.kt|244,feature\chat\src\main\java\top\wkbin\taixu\ui\chat\artifact\ArtifactPreviewSheet.kt|245,feature\chat\src\main\java\top\wkbin\taixu\ui\chat\artifact\ArtifactPreviewSheet.kt|250,feature\chat\src\main\java\top\wkbin\taixu\ui\chat\artifact\ArtifactPreviewSheet.kt|251,feature\chat\src\main\java\top\wkbin\taixu\ui\chat\artifact\ArtifactPreviewSheet.kt|256,feature\chat\src\main\java\top\wkbin\taixu\ui\chat\artifact\ArtifactPreviewSheet.kt|257,feature\chat\src\main\java\top\wkbin\taixu\ui\chat\artifact\ArtifactPreviewSheet.kt|285,feature\chat\src\main\java\top\wkbin\taixu\ui\chat\artifact\ArtifactPreviewSheet.kt|305,feature\chat\src\main\java\top\wkbin\taixu\ui\chat\artifact\ArtifactPreviewSheet.kt|350,feature\chat\src\main\java\top\wkbin\taixu\ui\chat\artifact\ArtifactPreviewSheet.kt|484,feature\chat\src\main\java\top\wkbin\taixu\ui\chat\artifact\ArtifactPreviewSheet.kt|489,feature\chat\src\main\java\top\wkbin\taixu\ui\chat\artifact\ArtifactPreviewSheet.kt|489
SAMEFILE	feature\chat\src\main\java\top\wkbin\taixu\ui\chat\artifact\ArtifactPreviewSheet.kt	505	private	fun	ModeChip	@Composable	REFS=feature\chat\src\main\java\top\wkbin\taixu\ui\chat\artifact\ArtifactPreviewSheet.kt|242,feature\chat\src\main\java\top\wkbin\taixu\ui\chat\artifact\ArtifactPreviewSheet.kt|248,feature\chat\src\main\java\top\wkbin\taixu\ui\chat\artifact\ArtifactPreviewSheet.kt|254
SAMEFILE	feature\chat\src\main\java\top\wkbin\taixu\ui\chat\floating\FloatingChatView.kt	111	private	fun	FloatingChatCapsule	@Composable	REFS=feature\chat\src\main\java\top\wkbin\taixu\ui\chat\floating\FloatingChatView.kt|95
SAMEFILE	feature\chat\src\main\java\top\wkbin\taixu\ui\chat\floating\FloatingChatView.kt	208	private	fun	FloatingChatPanel	@Composable	REFS=feature\chat\src\main\java\top\wkbin\taixu\ui\chat\floating\FloatingChatView.kt|81
SAMEFILE	feature\components\src\main\java\top\wkbin\taixu\ui\components\ProviderBadge.kt	28	public	class	ProviderVisual		REFS=feature\components\src\main\java\top\wkbin\taixu\ui\components\ProviderBadge.kt|91
SAMEFILE	feature\components\src\main\java\top\wkbin\taixu\ui\components\ProviderBadge.kt	38	public	fun	providerVisual		REFS=feature\components\src\main\java\top\wkbin\taixu\ui\components\ProviderBadge.kt|91
SAMEFILE	feature\components\src\main\java\top\wkbin\taixu\ui\components\ProviderBadge.kt	48	private	val	PROVIDER_VISUALS		REFS=feature\components\src\main\java\top\wkbin\taixu\ui\components\ProviderBadge.kt|42
SAMEFILE	feature\components\src\main\java\top\wkbin\taixu\ui\components\RuntimeComponents.kt	202	private	fun	StandardBottomBar	@Composable	REFS=feature\components\src\main\java\top\wkbin\taixu\ui\components\RuntimeComponents.kt|197
SAMEFILE	feature\components\src\main\java\top\wkbin\taixu\ui\components\RuntimeComponents.kt	248	private	fun	LiquidGlassBottomBar	@Composable	REFS=feature\components\src\main\java\top\wkbin\taixu\ui\components\RuntimeComponents.kt|186
SAMEFILE	feature\components\src\main\java\top\wkbin\taixu\ui\components\RuntimeComponents.kt	512	private	fun	PointerInputScope		REFS=feature\components\src\main\java\top\wkbin\taixu\ui\components\RuntimeComponents.kt|125
SAMEFILE	feature\components\src\main\java\top\wkbin\taixu\ui\components\RuntimeComponents.kt	534	private	fun	AwaitPointerEventScope		REFS=feature\components\src\main\java\top\wkbin\taixu\ui\components\RuntimeComponents.kt|121
SAMEFILE	feature\components\src\main\java\top\wkbin\taixu\ui\components\RuntimeComponents.kt	549	private	fun	AwaitPointerEventScope		REFS=feature\components\src\main\java\top\wkbin\taixu\ui\components\RuntimeComponents.kt|121
ZERO	feature\components\src\main\java\top\wkbin\taixu\ui\components\RuntimeComponents.kt	687	public	fun	AppMark	@Composable
SAMEFILE	feature\components\src\main\java\top\wkbin\taixu\ui\components\RuntimeIcon.kt	145	private	val	COLORFUL_BRAND_ICONS		REFS=feature\components\src\main\java\top\wkbin\taixu\ui\components\RuntimeIcon.kt|130
ZERO	feature\components\src\main\java\top\wkbin\taixu\ui\components\RuntimeIcon.kt	174	public	fun	projectTypeIconFor	
SAMEFILE	feature\components\src\main\java\top\wkbin\taixu\ui\components\SpotlightGuide.kt	59	public	class	SpotlightAnchor	@Stable	REFS=feature\components\src\main\java\top\wkbin\taixu\ui\components\SpotlightGuide.kt|65,feature\components\src\main\java\top\wkbin\taixu\ui\components\SpotlightGuide.kt|65,feature\components\src\main\java\top\wkbin\taixu\ui\components\SpotlightGuide.kt|68,feature\components\src\main\java\top\wkbin\taixu\ui\components\SpotlightGuide.kt|80
SAMEFILE	feature\custom_iteration\src\main\java\top\wkbin\taixu\iteration\engine\TaiXuDevBuildCoordinator.kt	11	public	object	TaiXuDevBuildCoordinator		REFS=feature\custom_iteration\src\main\java\top\wkbin\taixu\iteration\engine\TaiXuDevBuildCoordinator.kt|9
SAMEFILE	feature\custom_iteration\src\main\java\top\wkbin\taixu\ui\iteration\CustomIterationScreen.kt	153	private	fun	IterationFeatureItem	@Composable	REFS=feature\custom_iteration\src\main\java\top\wkbin\taixu\ui\iteration\CustomIterationScreen.kt|82,feature\custom_iteration\src\main\java\top\wkbin\taixu\ui\iteration\CustomIterationScreen.kt|88,feature\custom_iteration\src\main\java\top\wkbin\taixu\ui\iteration\CustomIterationScreen.kt|94,feature\custom_iteration\src\main\java\top\wkbin\taixu\ui\iteration\CustomIterationScreen.kt|100
SAMEFILE	feature\developer\src\main\java\top\wkbin\taixu\ui\developer\DeveloperLocalization.kt	22	private	fun	localizedResource	@StringRes	REFS=feature\developer\src\main\java\top\wkbin\taixu\ui\developer\DeveloperLocalization.kt|136
SAMEFILE	feature\developer\src\main\java\top\wkbin\taixu\ui\developer\DeveloperLocalization.kt	135	private	fun	resolveLocalizedString	@Composable	REFS=feature\developer\src\main\java\top\wkbin\taixu\ui\developer\DeveloperLocalization.kt|167
SAMEFILE	feature\developer\src\main\java\top\wkbin\taixu\ui\developer\DeveloperScreen.kt	420	private	fun	RuntimeControlCard	@Composable	REFS=feature\developer\src\main\java\top\wkbin\taixu\ui\developer\DeveloperScreen.kt|105
SAMEFILE	feature\developer\src\main\java\top\wkbin\taixu\ui\developer\DeveloperScreen.kt	515	private	fun	ResourceHeader	@Composable	REFS=feature\developer\src\main\java\top\wkbin\taixu\ui\developer\DeveloperScreen.kt|207,feature\developer\src\main\java\top\wkbin\taixu\ui\developer\DeveloperScreen.kt|226
SAMEFILE	feature\developer\src\main\java\top\wkbin\taixu\ui\developer\DeveloperScreen.kt	535	private	fun	describeState		REFS=feature\developer\src\main\java\top\wkbin\taixu\ui\developer\DeveloperScreen.kt|451
SAMEFILE	feature\developer\src\main\java\top\wkbin\taixu\ui\developer\DeveloperScreen.kt	542	private	fun	displayStep		REFS=feature\developer\src\main\java\top\wkbin\taixu\ui\developer\DeveloperScreen.kt|459
SAMEFILE	feature\home\src\main\java\top\wkbin\taixu\ui\home\HomeScreen.kt	102	private	val	DOCTOR_CHECK_MIN_INTERVAL_MS		REFS=feature\home\src\main\java\top\wkbin\taixu\ui\home\HomeScreen.kt|189
SAMEFILE	feature\home\src\main\java\top\wkbin\taixu\ui\home\HomeScreen.kt	347	private	fun	EnvironmentDoctorCard	@Composable	REFS=feature\home\src\main\java\top\wkbin\taixu\ui\home\HomeScreen.kt|274
SAMEFILE	feature\home\src\main\java\top\wkbin\taixu\ui\home\HomeScreen.kt	655	private	fun	DoctorItemRow	@Composable	REFS=feature\home\src\main\java\top\wkbin\taixu\ui\home\HomeScreen.kt|570
SAMEFILE	feature\home\src\main\java\top\wkbin\taixu\ui\home\HomeScreen.kt	757	private	fun	AndroidEnvAcquisitionCard	@Composable	REFS=feature\home\src\main\java\top\wkbin\taixu\ui\home\HomeScreen.kt|593
SAMEFILE	feature\home\src\main\java\top\wkbin\taixu\ui\home\HomeScreen.kt	837	private	val	TAIXU_QQ_GROUP_ID		REFS=feature\home\src\main\java\top\wkbin\taixu\ui\home\HomeScreen.kt|842,feature\home\src\main\java\top\wkbin\taixu\ui\home\HomeScreen.kt|850,feature\home\src\main\java\top\wkbin\taixu\ui\home\HomeScreen.kt|852
SAMEFILE	feature\home\src\main\java\top\wkbin\taixu\ui\home\HomeScreen.kt	840	private	fun	joinQqGroup		REFS=feature\settings\src\main\java\top\wkbin\taixu\ui\settings\SettingsScreen.kt|1192,feature\settings\src\main\java\top\wkbin\taixu\ui\settings\SettingsScreen.kt|2068,feature\home\src\main\java\top\wkbin\taixu\ui\home\HomeScreen.kt|594
SAMEFILE	feature\home\src\main\java\top\wkbin\taixu\ui\home\HomeScreen.kt	861	private	fun	RuntimeEngineStatusCard	@Composable | @OptIn(androidx.compose.foundation.layout.ExperimentalLayoutApi::class)	REFS=feature\home\src\main\java\top\wkbin\taixu\ui\home\HomeScreen.kt|253
SAMEFILE	feature\home\src\main\java\top\wkbin\taixu\ui\home\HomeScreen.kt	1079	private	fun	ExecutionModeBadge	@Composable	REFS=feature\home\src\main\java\top\wkbin\taixu\ui\home\HomeScreen.kt|939
SAMEFILE	feature\home\src\main\java\top\wkbin\taixu\ui\home\HomeScreen.kt	1168	private	fun	ResourceMetricCard	@Composable	REFS=feature\home\src\main\java\top\wkbin\taixu\ui\home\HomeScreen.kt|304,feature\home\src\main\java\top\wkbin\taixu\ui\home\HomeScreen.kt|317
SAMEFILE	feature\home\src\main\java\top\wkbin\taixu\ui\home\HomeScreen.kt	1250	private	fun	ActiveTasksStatusCard	@Composable	REFS=feature\home\src\main\java\top\wkbin\taixu\ui\home\HomeScreen.kt|331
SAMEFILE	feature\home\src\main\java\top\wkbin\taixu\ui\home\HomeScreen.kt	1314	private	fun	SystemSpecsCard	@Composable	REFS=feature\home\src\main\java\top\wkbin\taixu\ui\home\HomeScreen.kt|337
SAMEFILE	feature\home\src\main\java\top\wkbin\taixu\ui\home\HomeScreen.kt	1343	private	fun	SpecRow	@Composable	REFS=feature\home\src\main\java\top\wkbin\taixu\ui\home\HomeScreen.kt|1329,feature\home\src\main\java\top\wkbin\taixu\ui\home\HomeScreen.kt|1330,feature\home\src\main\java\top\wkbin\taixu\ui\home\HomeScreen.kt|1331,feature\home\src\main\java\top\wkbin\taixu\ui\home\HomeScreen.kt|1332,feature\home\src\main\java\top\wkbin\taixu\ui\home\HomeScreen.kt|1333
SAMEFILE	feature\home\src\main\java\top\wkbin\taixu\ui\home\HomeScreen.kt	1377	private	fun	PulsingStatusDot	@Composable	REFS=feature\home\src\main\java\top\wkbin\taixu\ui\home\HomeScreen.kt|903
SAMEFILE	feature\home\src\main\java\top\wkbin\taixu\ui\home\HomeScreen.kt	1413	private	fun	WebChatDashboardCard	@Composable	REFS=feature\home\src\main\java\top\wkbin\taixu\ui\home\HomeScreen.kt|268
SAMEFILE	feature\navigation\src\main\java\top\wkbin\taixu\ui\navigation\TaiXuNavHost.kt	54	public	interface	AppDestination	@Serializable	REFS=feature\navigation\src\main\java\top\wkbin\taixu\ui\navigation\TaiXuNavHost.kt|56,feature\navigation\src\main\java\top\wkbin\taixu\ui\navigation\TaiXuNavHost.kt|57,feature\navigation\src\main\java\top\wkbin\taixu\ui\navigation\TaiXuNavHost.kt|58,feature\navigation\src\main\java\top\wkbin\taixu\ui\navigation\TaiXuNavHost.kt|59,feature\navigation\src\main\java\top\wkbin\taixu\ui\navigation\TaiXuNavHost.kt|60,feature\navigation\src\main\java\top\wkbin\taixu\ui\navigation\TaiXuNavHost.kt|61,feature\navigation\src\main\java\top\wkbin\taixu\ui\navigation\TaiXuNavHost.kt|62,feature\navigation\src\main\java\top\wkbin\taixu\ui\navigation\TaiXuNavHost.kt|63,feature\navigation\src\main\java\top\wkbin\taixu\ui\navigation\TaiXuNavHost.kt|64,feature\navigation\src\main\java\top\wkbin\taixu\ui\navigation\TaiXuNavHost.kt|65,feature\navigation\src\main\java\top\wkbin\taixu\ui\navigation\TaiXuNavHost.kt|66,feature\navigation\src\main\java\top\wkbin\taixu\ui\navigation\TaiXuNavHost.kt|67,feature\navigation\src\main\java\top\wkbin\taixu\ui\navigation\TaiXuNavHost.kt|68,feature\navigation\src\main\java\top\wkbin\taixu\ui\navigation\TaiXuNavHost.kt|69,feature\navigation\src\main\java\top\wkbin\taixu\ui\navigation\TaiXuNavHost.kt|70,feature\navigation\src\main\java\top\wkbin\taixu\ui\navigation\TaiXuNavHost.kt|71,feature\navigation\src\main\java\top\wkbin\taixu\ui\navigation\TaiXuNavHost.kt|72,feature\navigation\src\main\java\top\wkbin\taixu\ui\navigation\TaiXuNavHost.kt|73,feature\navigation\src\main\java\top\wkbin\taixu\ui\navigation\TaiXuNavHost.kt|74,feature\navigation\src\main\java\top\wkbin\taixu\ui\navigation\TaiXuNavHost.kt|75,feature\navigation\src\main\java\top\wkbin\taixu\ui\navigation\TaiXuNavHost.kt|76,feature\navigation\src\main\java\top\wkbin\taixu\ui\navigation\TaiXuNavHost.kt|77,feature\navigation\src\main\java\top\wkbin\taixu\ui\navigation\TaiXuNavHost.kt|78,feature\navigation\src\main\java\top\wkbin\taixu\ui\navigation\TaiXuNavHost.kt|79,feature\navigation\src\main\java\top\wkbin\taixu\ui\navigation\TaiXuNavHost.kt|80,feature\navigation\src\main\java\top\wkbin\taixu\ui\navigation\TaiXuNavHost.kt|81,feature\navigation\src\main\java\top\wkbin\taixu\ui\navigation\TaiXuNavHost.kt|82,feature\navigation\src\main\java\top\wkbin\taixu\ui\navigation\TaiXuNavHost.kt|83,feature\navigation\src\main\java\top\wkbin\taixu\ui\navigation\TaiXuNavHost.kt|84,feature\navigation\src\main\java\top\wkbin\taixu\ui\navigation\TaiXuNavHost.kt|85,feature\navigation\src\main\java\top\wkbin\taixu\ui\navigation\TaiXuNavHost.kt|86,feature\navigation\src\main\java\top\wkbin\taixu\ui\navigation\TaiXuNavHost.kt|87,feature\navigation\src\main\java\top\wkbin\taixu\ui\navigation\TaiXuNavHost.kt|88,feature\navigation\src\main\java\top\wkbin\taixu\ui\navigation\TaiXuNavHost.kt|89,feature\navigation\src\main\java\top\wkbin\taixu\ui\navigation\TaiXuNavHost.kt|90,feature\navigation\src\main\java\top\wkbin\taixu\ui\navigation\TaiXuNavHost.kt|91,feature\navigation\src\main\java\top\wkbin\taixu\ui\navigation\TaiXuNavHost.kt|92,feature\navigation\src\main\java\top\wkbin\taixu\ui\navigation\TaiXuNavHost.kt|93
SAMEFILE	feature\navigation\src\main\java\top\wkbin\taixu\ui\navigation\TaiXuNavHost.kt	450	private	class	HealingTask		REFS=feature\navigation\src\main\java\top\wkbin\taixu\ui\navigation\TaiXuNavHost.kt|117,feature\navigation\src\main\java\top\wkbin\taixu\ui\navigation\TaiXuNavHost.kt|323,feature\navigation\src\main\java\top\wkbin\taixu\ui\navigation\TaiXuNavHost.kt|335,feature\navigation\src\main\java\top\wkbin\taixu\ui\navigation\TaiXuNavHost.kt|399
SAMEFILE	feature\onboarding\src\main\java\top\wkbin\taixu\ui\onboarding\OnboardingScreen.kt	89	private	class	SetupOption		REFS=feature\onboarding\src\main\java\top\wkbin\taixu\ui\onboarding\OnboardingScreen.kt|91,feature\onboarding\src\main\java\top\wkbin\taixu\ui\onboarding\OnboardingScreen.kt|119,feature\onboarding\src\main\java\top\wkbin\taixu\ui\onboarding\OnboardingScreen.kt|120,feature\onboarding\src\main\java\top\wkbin\taixu\ui\onboarding\OnboardingScreen.kt|121,feature\onboarding\src\main\java\top\wkbin\taixu\ui\onboarding\OnboardingScreen.kt|657
SAMEFILE	feature\onboarding\src\main\java\top\wkbin\taixu\ui\onboarding\OnboardingScreen.kt	91	private	val	distributionOptions		REFS=feature\onboarding\src\main\java\top\wkbin\taixu\ui\onboarding\OnboardingScreen.kt|139
SAMEFILE	feature\onboarding\src\main\java\top\wkbin\taixu\ui\onboarding\OnboardingScreen.kt	108	private	fun	SystemSetupPage	@Composable	REFS=feature\onboarding\src\main\java\top\wkbin\taixu\ui\onboarding\OnboardingScreen.kt|101
SAMEFILE	feature\onboarding\src\main\java\top\wkbin\taixu\ui\onboarding\OnboardingScreen.kt	267	private	fun	ModelSetupPage	@Composable | @OptIn(ExperimentalMaterial3Api::class, ExperimentalLayoutApi::class)	REFS=feature\onboarding\src\main\java\top\wkbin\taixu\ui\onboarding\OnboardingScreen.kt|102
SAMEFILE	feature\onboarding\src\main\java\top\wkbin\taixu\ui\onboarding\OnboardingScreen.kt	635	private	fun	Intro	@Composable	REFS=feature\onboarding\src\main\java\top\wkbin\taixu\ui\onboarding\OnboardingScreen.kt|130
SAMEFILE	feature\onboarding\src\main\java\top\wkbin\taixu\ui\onboarding\OnboardingScreen.kt	654	private	fun	SetupDropdown	@Composable | @OptIn(ExperimentalMaterial3Api::class)	REFS=feature\onboarding\src\main\java\top\wkbin\taixu\ui\onboarding\OnboardingScreen.kt|136,feature\onboarding\src\main\java\top\wkbin\taixu\ui\onboarding\OnboardingScreen.kt|145
SAMEFILE	feature\onboarding\src\main\java\top\wkbin\taixu\ui\onboarding\OnboardingScreen.kt	698	private	fun	OnboardingModelImportDialog	@Composable	REFS=feature\onboarding\src\main\java\top\wkbin\taixu\ui\onboarding\OnboardingScreen.kt|616
SAMEFILE	feature\onboarding\src\main\java\top\wkbin\taixu\ui\onboarding\OnboardingViewModel.kt	34	public	class	OnboardingStatus		REFS=feature\onboarding\src\main\java\top\wkbin\taixu\ui\onboarding\OnboardingViewModel.kt|60,feature\onboarding\src\main\java\top\wkbin\taixu\ui\onboarding\OnboardingViewModel.kt|66,feature\onboarding\src\main\java\top\wkbin\taixu\ui\onboarding\OnboardingViewModel.kt|67
ZERO	feature\onboarding\src\main\java\top\wkbin\taixu\ui\onboarding\OnboardingViewModel.kt	36	public	class	StarterPlugin	
SAMEFILE	feature\settings\src\main\java\top\wkbin\taixu\ui\settings\AgentSettingsScreen.kt	586	private	fun	BaseCommandTimeoutSliderRow	@Composable	REFS=feature\settings\src\main\java\top\wkbin\taixu\ui\settings\AgentSettingsScreen.kt|197
SAMEFILE	feature\settings\src\main\java\top\wkbin\taixu\ui\settings\AgentSettingsScreen.kt	627	private	fun	AgentSettingsGroup	@Composable	REFS=feature\settings\src\main\java\top\wkbin\taixu\ui\settings\AgentSettingsScreen.kt|158,feature\settings\src\main\java\top\wkbin\taixu\ui\settings\AgentSettingsScreen.kt|177,feature\settings\src\main\java\top\wkbin\taixu\ui\settings\AgentSettingsScreen.kt|196,feature\settings\src\main\java\top\wkbin\taixu\ui\settings\AgentSettingsScreen.kt|249,feature\settings\src\main\java\top\wkbin\taixu\ui\settings\AgentSettingsScreen.kt|286
SAMEFILE	feature\settings\src\main\java\top\wkbin\taixu\ui\settings\AgentSettingsScreen.kt	639	private	fun	AgentBlockTitle	@Composable	REFS=feature\settings\src\main\java\top\wkbin\taixu\ui\settings\AgentSettingsScreen.kt|155,feature\settings\src\main\java\top\wkbin\taixu\ui\settings\AgentSettingsScreen.kt|174,feature\settings\src\main\java\top\wkbin\taixu\ui\settings\AgentSettingsScreen.kt|193,feature\settings\src\main\java\top\wkbin\taixu\ui\settings\AgentSettingsScreen.kt|227,feature\settings\src\main\java\top\wkbin\taixu\ui\settings\AgentSettingsScreen.kt|246,feature\settings\src\main\java\top\wkbin\taixu\ui\settings\AgentSettingsScreen.kt|283,feature\settings\src\main\java\top\wkbin\taixu\ui\settings\AgentSettingsScreen.kt|301,feature\settings\src\main\java\top\wkbin\taixu\ui\settings\AgentSettingsScreen.kt|381,feature\settings\src\main\java\top\wkbin\taixu\ui\settings\AgentSettingsScreen.kt|451
SAMEFILE	feature\settings\src\main\java\top\wkbin\taixu\ui\settings\AgentSettingsScreen.kt	649	private	fun	AgentToggleRow	@Composable	REFS=feature\settings\src\main\java\top\wkbin\taixu\ui\settings\AgentSettingsScreen.kt|159,feature\settings\src\main\java\top\wkbin\taixu\ui\settings\AgentSettingsScreen.kt|178,feature\settings\src\main\java\top\wkbin\taixu\ui\settings\AgentSettingsScreen.kt|250,feature\settings\src\main\java\top\wkbin\taixu\ui\settings\AgentSettingsScreen.kt|287
SAMEFILE	feature\settings\src\main\java\top\wkbin\taixu\ui\settings\AgentSettingsScreen.kt	690	private	fun	ApprovalModeSelectorRow	@Composable | @OptIn(ExperimentalLayoutApi::class)	REFS=feature\settings\src\main\java\top\wkbin\taixu\ui\settings\AgentSettingsScreen.kt|186
SAMEFILE	feature\settings\src\main\java\top\wkbin\taixu\ui\settings\AgentSettingsScreen.kt	732	private	fun	AgentDepartmentCard	@Composable	REFS=feature\settings\src\main\java\top\wkbin\taixu\ui\settings\AgentSettingsScreen.kt|333
SAMEFILE	feature\settings\src\main\java\top\wkbin\taixu\ui\settings\AgentSettingsScreen.kt	783	private	fun	SubagentProfileCard	@Composable	REFS=feature\settings\src\main\java\top\wkbin\taixu\ui\settings\AgentSettingsScreen.kt|351
SAMEFILE	feature\settings\src\main\java\top\wkbin\taixu\ui\settings\AgentSettingsScreen.kt	870	private	fun	RoundsSliderRow	@Composable	REFS=feature\settings\src\main\java\top\wkbin\taixu\ui\settings\AgentSettingsScreen.kt|202
SAMEFILE	feature\settings\src\main\java\top\wkbin\taixu\ui\settings\AgentSettingsScreen.kt	909	private	fun	ThresholdSliderRow	@Composable	REFS=feature\settings\src\main\java\top\wkbin\taixu\ui\settings\AgentSettingsScreen.kt|259
SAMEFILE	feature\settings\src\main\java\top\wkbin\taixu\ui\settings\AgentSettingsScreen.kt	948	private	fun	ContextBudgetSliderRow	@Composable	REFS=feature\settings\src\main\java\top\wkbin\taixu\ui\settings\AgentSettingsScreen.kt|264
SAMEFILE	feature\settings\src\main\java\top\wkbin\taixu\ui\settings\AgentSettingsScreen.kt	987	private	fun	ToolsPerRoundSliderRow	@Composable	REFS=feature\settings\src\main\java\top\wkbin\taixu\ui\settings\AgentSettingsScreen.kt|207
SAMEFILE	feature\settings\src\main\java\top\wkbin\taixu\ui\settings\AgentSettingsScreen.kt	1026	private	fun	ConsecutiveFailuresSliderRow	@Composable	REFS=feature\settings\src\main\java\top\wkbin\taixu\ui\settings\AgentSettingsScreen.kt|212
SAMEFILE	feature\settings\src\main\java\top\wkbin\taixu\ui\settings\AgentSettingsScreen.kt	1065	private	fun	SkillCard	@Composable	REFS=feature\settings\src\main\java\top\wkbin\taixu\ui\settings\AgentSettingsScreen.kt|434
SAMEFILE	feature\settings\src\main\java\top\wkbin\taixu\ui\settings\AgentSettingsScreen.kt	1164	private	fun	PluginCard	@Composable	REFS=feature\settings\src\main\java\top\wkbin\taixu\ui\settings\AgentSettingsScreen.kt|454
SAMEFILE	feature\settings\src\main\java\top\wkbin\taixu\ui\settings\AgentSettingsScreen.kt	1216	private	fun	AddSkillDialog	@Composable	REFS=feature\settings\src\main\java\top\wkbin\taixu\ui\settings\AgentSettingsScreen.kt|517
SAMEFILE	feature\settings\src\main\java\top\wkbin\taixu\ui\settings\AgentSettingsScreen.kt	1283	private	fun	SubagentEditorDialog	@Composable	REFS=feature\settings\src\main\java\top\wkbin\taixu\ui\settings\AgentSettingsScreen.kt|527
SAMEFILE	feature\settings\src\main\java\top\wkbin\taixu\ui\settings\AgentSettingsScreen.kt	1363	private	fun	ThinkingLanguageSelectorRow	@Composable | @OptIn(ExperimentalLayoutApi::class)	REFS=feature\settings\src\main\java\top\wkbin\taixu\ui\settings\AgentSettingsScreen.kt|167
SAMEFILE	feature\settings\src\main\java\top\wkbin\taixu\ui\settings\AgentSettingsScreen.kt	1414	private	fun	SystemPromptCustomCard	@Composable | @OptIn(ExperimentalLayoutApi::class)	REFS=feature\settings\src\main\java\top\wkbin\taixu\ui\settings\AgentSettingsScreen.kt|230
SAMEFILE	feature\settings\src\main\java\top\wkbin\taixu\ui\settings\AppearanceSettingsScreen.kt	426	private	fun	TerminalPreviewCard	@Composable	REFS=feature\settings\src\main\java\top\wkbin\taixu\ui\settings\AppearanceSettingsScreen.kt|124
SAMEFILE	feature\settings\src\main\java\top\wkbin\taixu\ui\settings\AppearanceSettingsScreen.kt	505	private	fun	ChengmingBackgroundPreview	@Composable	REFS=feature\settings\src\main\java\top\wkbin\taixu\ui\settings\AppearanceSettingsScreen.kt|288
SAMEFILE	feature\settings\src\main\java\top\wkbin\taixu\ui\settings\AppearanceSettingsScreen.kt	526	private	fun	TerminalThemeChip	@Composable	REFS=feature\settings\src\main\java\top\wkbin\taixu\ui\settings\AppearanceSettingsScreen.kt|150,feature\settings\src\main\java\top\wkbin\taixu\ui\settings\AppearanceSettingsScreen.kt|158,feature\settings\src\main\java\top\wkbin\taixu\ui\settings\AppearanceSettingsScreen.kt|166,feature\settings\src\main\java\top\wkbin\taixu\ui\settings\AppearanceSettingsScreen.kt|174
SAMEFILE	feature\settings\src\main\java\top\wkbin\taixu\ui\settings\AppearanceSettingsScreen.kt	573	private	fun	ThemeOptionRow	@Composable	REFS=feature\settings\src\main\java\top\wkbin\taixu\ui\settings\AppearanceSettingsScreen.kt|254,feature\settings\src\main\java\top\wkbin\taixu\ui\settings\AppearanceSettingsScreen.kt|262,feature\settings\src\main\java\top\wkbin\taixu\ui\settings\AppearanceSettingsScreen.kt|312,feature\settings\src\main\java\top\wkbin\taixu\ui\settings\AppearanceSettingsScreen.kt|319,feature\settings\src\main\java\top\wkbin\taixu\ui\settings\AppearanceSettingsScreen.kt|326,feature\settings\src\main\java\top\wkbin\taixu\ui\settings\AppearanceSettingsScreen.kt|344,feature\settings\src\main\java\top\wkbin\taixu\ui\settings\AppearanceSettingsScreen.kt|351,feature\settings\src\main\java\top\wkbin\taixu\ui\settings\AppearanceSettingsScreen.kt|358
SAMEFILE	feature\settings\src\main\java\top\wkbin\taixu\ui\settings\AppManagementScreen.kt	132	private	fun	AndroidAppRow	@Composable	REFS=feature\settings\src\main\java\top\wkbin\taixu\ui\settings\AppManagementScreen.kt|114,feature\settings\src\main\java\top\wkbin\taixu\ui\settings\AppManagementScreen.kt|125
SAMEFILE	feature\settings\src\main\java\top\wkbin\taixu\ui\settings\AppManagementScreen.kt	172	private	fun	AndroidAppIcon	@Composable	REFS=feature\settings\src\main\java\top\wkbin\taixu\ui\settings\AppManagementScreen.kt|135
SAMEFILE	feature\settings\src\main\java\top\wkbin\taixu\ui\settings\DistroManagementScreen.kt	245	private	fun	ResetDistroConfirmDialog	@Composable	REFS=feature\settings\src\main\java\top\wkbin\taixu\ui\settings\DistroManagementScreen.kt|211
SAMEFILE	feature\settings\src\main\java\top\wkbin\taixu\ui\settings\DistroManagementScreen.kt	305	private	fun	DeleteDistroConfirmDialog	@Composable	REFS=feature\settings\src\main\java\top\wkbin\taixu\ui\settings\DistroManagementScreen.kt|228
SAMEFILE	feature\settings\src\main\java\top\wkbin\taixu\ui\settings\DistroManagementScreen.kt	365	private	fun	DistroItemCard	@Composable	REFS=feature\settings\src\main\java\top\wkbin\taixu\ui\settings\DistroManagementScreen.kt|160
SAMEFILE	feature\settings\src\main\java\top\wkbin\taixu\ui\settings\DistroManagementScreen.kt	523	private	fun	InstallDistroDialog	@Composable	REFS=feature\settings\src\main\java\top\wkbin\taixu\ui\settings\DistroManagementScreen.kt|186
SAMEFILE	feature\settings\src\main\java\top\wkbin\taixu\ui\settings\LocalLlmScreen.kt	327	private	fun	MobileModelPresetCard	@Composable	REFS=feature\settings\src\main\java\top\wkbin\taixu\ui\settings\LocalLlmScreen.kt|275
SAMEFILE	feature\settings\src\main\java\top\wkbin\taixu\ui\settings\LocalLlmScreen.kt	407	private	fun	ModelSpecChip	@Composable	REFS=feature\settings\src\main\java\top\wkbin\taixu\ui\settings\LocalLlmScreen.kt|379,feature\settings\src\main\java\top\wkbin\taixu\ui\settings\LocalLlmScreen.kt|380,feature\settings\src\main\java\top\wkbin\taixu\ui\settings\LocalLlmScreen.kt|381
SAMEFILE	feature\settings\src\main\java\top\wkbin\taixu\ui\settings\LocalLlmScreen.kt	422	private	fun	ServiceStatusCard	@Composable	REFS=feature\settings\src\main\java\top\wkbin\taixu\ui\settings\LocalLlmScreen.kt|285
SAMEFILE	feature\settings\src\main\java\top\wkbin\taixu\ui\settings\LocalLlmScreen.kt	472	private	fun	ModelCard	@Composable	REFS=feature\settings\src\main\java\top\wkbin\taixu\ui\settings\LocalLlmScreen.kt|312
SAMEFILE	feature\settings\src\main\java\top\wkbin\taixu\ui\settings\LocalLlmScreen.kt	526	private	fun	DownloadModelDialog	@Composable	REFS=feature\settings\src\main\java\top\wkbin\taixu\ui\settings\LocalLlmScreen.kt|94
SAMEFILE	feature\settings\src\main\java\top\wkbin\taixu\ui\settings\LocalLlmScreen.kt	577	private	fun	ImportPathDialog	@Composable	REFS=feature\settings\src\main\java\top\wkbin\taixu\ui\settings\LocalLlmScreen.kt|104
SAMEFILE	feature\settings\src\main\java\top\wkbin\taixu\ui\settings\LocalLlmScreen.kt	618	private	fun	DeleteModelConfirmDialog	@Composable	REFS=feature\settings\src\main\java\top\wkbin\taixu\ui\settings\LocalLlmScreen.kt|114
SAMEFILE	feature\settings\src\main\java\top\wkbin\taixu\ui\settings\LocalLlmScreen.kt	680	private	fun	formatRam		REFS=feature\settings\src\main\java\top\wkbin\taixu\ui\settings\LocalLlmScreen.kt|384
SAMEFILE	feature\settings\src\main\java\top\wkbin\taixu\ui\settings\LocalLlmViewModel.kt	29	public	class	LocalModelTransferUiState		REFS=feature\settings\src\main\java\top\wkbin\taixu\ui\settings\LocalLlmViewModel.kt|77,feature\settings\src\main\java\top\wkbin\taixu\ui\settings\LocalLlmViewModel.kt|78,feature\settings\src\main\java\top\wkbin\taixu\ui\settings\LocalLlmViewModel.kt|152,feature\settings\src\main\java\top\wkbin\taixu\ui\settings\LocalLlmViewModel.kt|210,feature\settings\src\main\java\top\wkbin\taixu\ui\settings\LocalLlmViewModel.kt|211,feature\settings\src\main\java\top\wkbin\taixu\ui\settings\LocalLlmViewModel.kt|218,feature\settings\src\main\java\top\wkbin\taixu\ui\settings\LocalLlmViewModel.kt|229
SAMEFILE	feature\settings\src\main\java\top\wkbin\taixu\ui\settings\McpSettingsScreen.kt	292	private	fun	BrowserGatesCard	@Composable	REFS=feature\settings\src\main\java\top\wkbin\taixu\ui\settings\McpSettingsScreen.kt|221
SAMEFILE	feature\settings\src\main\java\top\wkbin\taixu\ui\settings\McpSettingsScreen.kt	345	private	fun	BrowserGateRow	@Composable	REFS=feature\settings\src\main\java\top\wkbin\taixu\ui\settings\McpSettingsScreen.kt|316,feature\settings\src\main\java\top\wkbin\taixu\ui\settings\McpSettingsScreen.kt|322,feature\settings\src\main\java\top\wkbin\taixu\ui\settings\McpSettingsScreen.kt|328,feature\settings\src\main\java\top\wkbin\taixu\ui\settings\McpSettingsScreen.kt|334
SAMEFILE	feature\settings\src\main\java\top\wkbin\taixu\ui\settings\McpSettingsScreen.kt	379	private	fun	McpSectionHeader	@Composable	REFS=feature\settings\src\main\java\top\wkbin\taixu\ui\settings\McpSettingsScreen.kt|186,feature\settings\src\main\java\top\wkbin\taixu\ui\settings\McpSettingsScreen.kt|204
SAMEFILE	feature\settings\src\main\java\top\wkbin\taixu\ui\settings\McpSettingsScreen.kt	403	private	fun	McpServerItemCard	@Composable	REFS=feature\settings\src\main\java\top\wkbin\taixu\ui\settings\McpSettingsScreen.kt|193,feature\settings\src\main\java\top\wkbin\taixu\ui\settings\McpSettingsScreen.kt|211
SAMEFILE	feature\settings\src\main\java\top\wkbin\taixu\ui\settings\McpSettingsScreen.kt	476	private	fun	McpConnectionDot	@Composable	REFS=feature\settings\src\main\java\top\wkbin\taixu\ui\settings\McpSettingsScreen.kt|437
SAMEFILE	feature\settings\src\main\java\top\wkbin\taixu\ui\settings\McpSettingsScreen.kt	497	private	fun	McpServerDetailDialog	@Composable	REFS=feature\settings\src\main\java\top\wkbin\taixu\ui\settings\McpSettingsScreen.kt|271
SAMEFILE	feature\settings\src\main\java\top\wkbin\taixu\ui\settings\McpSettingsScreen.kt	741	private	fun	AddMcpServerDialog	@Composable	REFS=feature\settings\src\main\java\top\wkbin\taixu\ui\settings\McpSettingsScreen.kt|231
SAMEFILE	feature\settings\src\main\java\top\wkbin\taixu\ui\settings\McpSettingsScreen.kt	1008	private	fun	parseMcpJson		REFS=feature\settings\src\main\java\top\wkbin\taixu\ui\settings\McpSettingsScreen.kt|772
SAMEFILE	feature\settings\src\main\java\top\wkbin\taixu\ui\settings\ModelEditorScreen.kt	209	private	fun	ModelEditorContent	@Composable | @OptIn(ExperimentalMaterial3Api::class, ExperimentalLayoutApi::class)	REFS=feature\settings\src\main\java\top\wkbin\taixu\ui\settings\ModelEditorScreen.kt|145
SAMEFILE	feature\settings\src\main\java\top\wkbin\taixu\ui\settings\ModelEditorScreen.kt	1243	private	fun	PresetChip	@Composable	REFS=feature\settings\src\main\java\top\wkbin\taixu\ui\settings\ModelEditorScreen.kt|903,feature\settings\src\main\java\top\wkbin\taixu\ui\settings\ModelEditorScreen.kt|904,feature\settings\src\main\java\top\wkbin\taixu\ui\settings\ModelEditorScreen.kt|905
SAMEFILE	feature\settings\src\main\java\top\wkbin\taixu\ui\settings\ModelEditorScreen.kt	1266	private	fun	EditorToggleRow	@Composable	REFS=feature\settings\src\main\java\top\wkbin\taixu\ui\settings\ModelEditorScreen.kt|1056,feature\settings\src\main\java\top\wkbin\taixu\ui\settings\ModelEditorScreen.kt|1063,feature\settings\src\main\java\top\wkbin\taixu\ui\settings\ModelEditorScreen.kt|1070,feature\settings\src\main\java\top\wkbin\taixu\ui\settings\ModelEditorScreen.kt|1077,feature\settings\src\main\java\top\wkbin\taixu\ui\settings\ModelEditorScreen.kt|1084
SAMEFILE	feature\settings\src\main\java\top\wkbin\taixu\ui\settings\ModelEditorScreen.kt	1303	private	fun	BatchImportKeysDialog	@Composable	REFS=feature\settings\src\main\java\top\wkbin\taixu\ui\settings\ModelEditorScreen.kt|359
SAMEFILE	feature\settings\src\main\java\top\wkbin\taixu\ui\settings\ModelEditorScreen.kt	1390	private	fun	QuickImportJsonDialog	@Composable	REFS=feature\settings\src\main\java\top\wkbin\taixu\ui\settings\ModelEditorScreen.kt|382
SAMEFILE	feature\settings\src\main\java\top\wkbin\taixu\ui\settings\ModelEditorScreen.kt	1454	private	fun	ProviderPickerDialog	@Composable	REFS=feature\settings\src\main\java\top\wkbin\taixu\ui\settings\ModelEditorScreen.kt|395
SAMEFILE	feature\settings\src\main\java\top\wkbin\taixu\ui\settings\ModelEditorScreen.kt	1679	private	fun	ProviderFilterChip	@Composable	REFS=feature\settings\src\main\java\top\wkbin\taixu\ui\settings\ModelEditorScreen.kt|1519,feature\settings\src\main\java\top\wkbin\taixu\ui\settings\ModelEditorScreen.kt|1524,feature\settings\src\main\java\top\wkbin\taixu\ui\settings\ModelEditorScreen.kt|1529,feature\settings\src\main\java\top\wkbin\taixu\ui\settings\ModelEditorScreen.kt|1534,feature\settings\src\main\java\top\wkbin\taixu\ui\settings\ModelEditorScreen.kt|1539,feature\settings\src\main\java\top\wkbin\taixu\ui\settings\ModelEditorScreen.kt|1544
SAMEFILE	feature\settings\src\main\java\top\wkbin\taixu\ui\settings\ModelProfilesScreen.kt	232	private	fun	ModelProfilesContent	@Composable | @OptIn(ExperimentalLayoutApi::class)	REFS=feature\settings\src\main\java\top\wkbin\taixu\ui\settings\ModelProfilesScreen.kt|138
SAMEFILE	feature\settings\src\main\java\top\wkbin\taixu\ui\settings\ModelProfilesScreen.kt	291	private	fun	ModelProfileCard	@Composable | @OptIn(ExperimentalLayoutApi::class)	REFS=feature\settings\src\main\java\top\wkbin\taixu\ui\settings\ModelProfilesScreen.kt|278
SAMEFILE	feature\settings\src\main\java\top\wkbin\taixu\ui\settings\ModelProfilesScreen.kt	497	public	fun	ModelImportDialog	@Composable	REFS=feature\settings\src\main\java\top\wkbin\taixu\ui\settings\ModelProfilesScreen.kt|151,feature\settings\src\main\java\top\wkbin\taixu\ui\settings\ModelProfilesScreen.kt|155
SAMEFILE	feature\settings\src\main\java\top\wkbin\taixu\ui\settings\ModelProfilesScreen.kt	632	public	fun	ModelExportDialog	@Composable	REFS=feature\settings\src\main\java\top\wkbin\taixu\ui\settings\ModelProfilesScreen.kt|177,feature\settings\src\main\java\top\wkbin\taixu\ui\settings\ModelProfilesScreen.kt|189
SAMEFILE	feature\settings\src\main\java\top\wkbin\taixu\ui\settings\QuickPhrasesScreen.kt	295	private	fun	QuickPhraseCard	@Composable	REFS=feature\settings\src\main\java\top\wkbin\taixu\ui\settings\QuickPhrasesScreen.kt|281
SAMEFILE	feature\settings\src\main\java\top\wkbin\taixu\ui\settings\QuickPhrasesScreen.kt	460	private	fun	QuickPhraseEditorDialog	@Composable | @OptIn(ExperimentalMaterial3Api::class)	REFS=feature\settings\src\main\java\top\wkbin\taixu\ui\settings\QuickPhrasesScreen.kt|127
SAMEFILE	feature\settings\src\main\java\top\wkbin\taixu\ui\settings\QuickPhrasesScreen.kt	639	private	fun	parseIconName		REFS=feature\settings\src\main\java\top\wkbin\taixu\ui\settings\QuickPhrasesScreen.kt|324,feature\chat\src\main\java\top\wkbin\taixu\ui\chat\ChatMessageList.kt|398
SAMEFILE	feature\settings\src\main\java\top\wkbin\taixu\ui\settings\SettingsLocalization.kt	22	private	fun	legacyStringResource	@StringRes	REFS=feature\settings\src\main\java\top\wkbin\taixu\ui\settings\SettingsLocalization.kt|529
SAMEFILE	feature\settings\src\main\java\top\wkbin\taixu\ui\settings\SettingsLocalization.kt	528	private	fun	resolveLegacyString	@Composable	REFS=feature\settings\src\main\java\top\wkbin\taixu\ui\settings\SettingsLocalization.kt|591
SAMEFILE	feature\settings\src\main\java\top\wkbin\taixu\ui\settings\SettingsScreen.kt	243	private	fun	SettingsCategoryCard	@Composable	REFS=feature\settings\src\main\java\top\wkbin\taixu\ui\settings\SettingsScreen.kt|173,feature\settings\src\main\java\top\wkbin\taixu\ui\settings\SettingsScreen.kt|186,feature\settings\src\main\java\top\wkbin\taixu\ui\settings\SettingsScreen.kt|199,feature\settings\src\main\java\top\wkbin\taixu\ui\settings\SettingsScreen.kt|212,feature\settings\src\main\java\top\wkbin\taixu\ui\settings\SettingsScreen.kt|225
SAMEFILE	feature\settings\src\main\java\top\wkbin\taixu\ui\settings\SettingsScreen.kt	820	private	fun	EnvironmentVariableEditor	@Composable	REFS=feature\settings\src\main\java\top\wkbin\taixu\ui\settings\SettingsScreen.kt|635
SAMEFILE	feature\settings\src\main\java\top\wkbin\taixu\ui\settings\SettingsScreen.kt	1215	private	val	SPONSOR_EMAIL		REFS=feature\settings\src\main\java\top\wkbin\taixu\ui\settings\SettingsScreen.kt|1470,feature\settings\src\main\java\top\wkbin\taixu\ui\settings\SettingsScreen.kt|1479,feature\settings\src\main\java\top\wkbin\taixu\ui\settings\SettingsScreen.kt|1480
SAMEFILE	feature\settings\src\main\java\top\wkbin\taixu\ui\settings\SettingsScreen.kt	1217	private	val	SPONSOR_ALIPAY_QR_RES		REFS=feature\settings\src\main\java\top\wkbin\taixu\ui\settings\SettingsScreen.kt|1237
SAMEFILE	feature\settings\src\main\java\top\wkbin\taixu\ui\settings\SettingsScreen.kt	1218	private	val	SPONSOR_WECHAT_QR_RES		REFS=feature\settings\src\main\java\top\wkbin\taixu\ui\settings\SettingsScreen.kt|1245
SAMEFILE	feature\settings\src\main\java\top\wkbin\taixu\ui\settings\SettingsScreen.kt	1219	private	val	SponsorAccent		REFS=feature\settings\src\main\java\top\wkbin\taixu\ui\settings\SettingsScreen.kt|1246,feature\settings\src\main\java\top\wkbin\taixu\ui\settings\SettingsScreen.kt|1288,feature\settings\src\main\java\top\wkbin\taixu\ui\settings\SettingsScreen.kt|1291,feature\settings\src\main\java\top\wkbin\taixu\ui\settings\SettingsScreen.kt|1551
SAMEFILE	feature\settings\src\main\java\top\wkbin\taixu\ui\settings\SettingsScreen.kt	1395	private	fun	SponsorQrDialog	@Composable	REFS=feature\settings\src\main\java\top\wkbin\taixu\ui\settings\SettingsScreen.kt|1235,feature\settings\src\main\java\top\wkbin\taixu\ui\settings\SettingsScreen.kt|1243
SAMEFILE	feature\settings\src\main\java\top\wkbin\taixu\ui\settings\SettingsScreen.kt	1460	private	fun	sendSponsorEmail		REFS=feature\settings\src\main\java\top\wkbin\taixu\ui\settings\SettingsScreen.kt|1334
SAMEFILE	feature\settings\src\main\java\top\wkbin\taixu\ui\settings\SettingsScreen.kt	1486	private	fun	SponsorKindGroup	@Composable	REFS=feature\settings\src\main\java\top\wkbin\taixu\ui\settings\SettingsScreen.kt|1380,feature\settings\src\main\java\top\wkbin\taixu\ui\settings\SettingsScreen.kt|1382,feature\settings\src\main\java\top\wkbin\taixu\ui\settings\SettingsScreen.kt|1384
SAMEFILE	feature\settings\src\main\java\top\wkbin\taixu\ui\settings\SettingsScreen.kt	1518	private	fun	SponsorChip	@Composable	REFS=feature\settings\src\main\java\top\wkbin\taixu\ui\settings\SettingsScreen.kt|1510
SAMEFILE	feature\settings\src\main\java\top\wkbin\taixu\ui\settings\SettingsScreen.kt	1580	private	fun	ExecutionModeDialog	@Composable	REFS=feature\settings\src\main\java\top\wkbin\taixu\ui\settings\SettingsScreen.kt|454
SAMEFILE	feature\settings\src\main\java\top\wkbin\taixu\ui\settings\SettingsScreen.kt	1634	private	fun	ExecutionModeOptionItem	@Composable	REFS=feature\settings\src\main\java\top\wkbin\taixu\ui\settings\SettingsScreen.kt|1616
SAMEFILE	feature\settings\src\main\java\top\wkbin\taixu\ui\settings\SettingsScreen.kt	1686	private	fun	BatteryOptimizationDialog	@Composable	REFS=feature\settings\src\main\java\top\wkbin\taixu\ui\settings\SettingsScreen.kt|887
SAMEFILE	feature\settings\src\main\java\top\wkbin\taixu\ui\settings\SettingsScreen.kt	1786	private	fun	PhantomProcessLimitDialog	@Composable	REFS=feature\settings\src\main\java\top\wkbin\taixu\ui\settings\SettingsScreen.kt|894
ZERO	feature\settings\src\main\java\top\wkbin\taixu\ui\settings\SettingsScreen.kt	1946	private	fun	ThemeSelectionDialog	@Composable
SAMEFILE	feature\settings\src\main\java\top\wkbin\taixu\ui\settings\SettingsScreen.kt	1999	private	fun	ThemeOptionItem	@Composable	REFS=feature\settings\src\main\java\top\wkbin\taixu\ui\settings\SettingsScreen.kt|1958,feature\settings\src\main\java\top\wkbin\taixu\ui\settings\SettingsScreen.kt|1968,feature\settings\src\main\java\top\wkbin\taixu\ui\settings\SettingsScreen.kt|1978
SAMEFILE	feature\settings\src\main\java\top\wkbin\taixu\ui\settings\SettingsScreen.kt	2049	private	fun	AboutAppDialog	@Composable	REFS=feature\settings\src\main\java\top\wkbin\taixu\ui\settings\SettingsScreen.kt|1115
SAMEFILE	feature\settings\src\main\java\top\wkbin\taixu\ui\settings\SettingsScreen.kt	2085	private	fun	UpdateInfoDialog	@Composable	REFS=feature\settings\src\main\java\top\wkbin\taixu\ui\settings\SettingsScreen.kt|1066
SAMEFILE	feature\settings\src\main\java\top\wkbin\taixu\ui\settings\SettingsScreen.kt	2176	private	fun	joinQqGroup		REFS=feature\settings\src\main\java\top\wkbin\taixu\ui\settings\SettingsScreen.kt|1192,feature\settings\src\main\java\top\wkbin\taixu\ui\settings\SettingsScreen.kt|2068,feature\home\src\main\java\top\wkbin\taixu\ui\home\HomeScreen.kt|594
SAMEFILE	feature\settings\src\main\java\top\wkbin\taixu\ui\settings\SettingsScreen.kt	2192	private	fun	openBrowser		REFS=feature\settings\src\main\java\top\wkbin\taixu\ui\settings\SettingsScreen.kt|1071,feature\settings\src\main\java\top\wkbin\taixu\ui\settings\SettingsScreen.kt|1184
SAMEFILE	feature\settings\src\main\java\top\wkbin\taixu\ui\settings\SettingsScreen.kt	2326	public	fun	WebChatBridgeDialog	@Composable	REFS=feature\settings\src\main\java\top\wkbin\taixu\ui\settings\SettingsScreen.kt|486
SAMEFILE	feature\settings\src\main\java\top\wkbin\taixu\ui\settings\SettingsScreen.kt	2459	public	fun	rememberAppVersion	@Composable	REFS=feature\settings\src\main\java\top\wkbin\taixu\ui\settings\SettingsScreen.kt|137,feature\settings\src\main\java\top\wkbin\taixu\ui\settings\SettingsScreen.kt|1060,feature\settings\src\main\java\top\wkbin\taixu\ui\settings\SettingsScreen.kt|2051
SAMEFILE	feature\settings\src\main\java\top\wkbin\taixu\ui\settings\SponsorListRepository.kt	29	public	class	SponsorSource	@Serializable	REFS=feature\settings\src\main\java\top\wkbin\taixu\ui\settings\SponsorListRepository.kt|47,feature\settings\src\main\java\top\wkbin\taixu\ui\settings\SponsorListRepository.kt|54,feature\settings\src\main\java\top\wkbin\taixu\ui\settings\SponsorListRepository.kt|55
SAMEFILE	feature\settings\src\main\java\top\wkbin\taixu\ui\settings\SponsorListRepository.kt	60	public	class	SponsorListDto	@Serializable	REFS=feature\settings\src\main\java\top\wkbin\taixu\ui\settings\SponsorListRepository.kt|86
SAMEFILE	feature\settings\src\main\java\top\wkbin\taixu\ui\settings\SshSettingsScreen.kt	344	private	fun	SectionLabel	@Composable	REFS=feature\settings\src\main\java\top\wkbin\taixu\ui\settings\SshSettingsScreen.kt|126,feature\settings\src\main\java\top\wkbin\taixu\ui\settings\SshSettingsScreen.kt|178,feature\settings\src\main\java\top\wkbin\taixu\ui\settings\SshSettingsScreen.kt|217,feature\settings\src\main\java\top\wkbin\taixu\ui\settings\SshSettingsScreen.kt|256,feature\settings\src\main\java\top\wkbin\taixu\ui\settings\SshSettingsScreen.kt|287,feature\settings\src\main\java\top\wkbin\taixu\ui\settings\SshSettingsScreen.kt|325,feature\chat\src\main\java\top\wkbin\taixu\ui\chat\ChatWorkbenchPanels.kt|272,feature\chat\src\main\java\top\wkbin\taixu\ui\chat\ChatWorkbenchPanels.kt|277
SAMEFILE	feature\settings\src\main\java\top\wkbin\taixu\ui\settings\SshSettingsScreen.kt	360	private	fun	PasswordSettingsDialog	@Composable	REFS=feature\settings\src\main\java\top\wkbin\taixu\ui\settings\SshSettingsScreen.kt|87
SAMEFILE	feature\settings\src\main\java\top\wkbin\taixu\ui\settings\SshSettingsViewModel.kt	26	public	class	SshSettingsUiState		REFS=feature\settings\src\main\java\top\wkbin\taixu\ui\settings\SshSettingsViewModel.kt|55,feature\settings\src\main\java\top\wkbin\taixu\ui\settings\SshSettingsViewModel.kt|63,feature\settings\src\main\java\top\wkbin\taixu\ui\settings\SshSettingsViewModel.kt|74
SAMEFILE	feature\settings\src\main\java\top\wkbin\taixu\ui\settings\StorageMountSettingsScreen.kt	299	private	fun	MountToggleRow	@Composable	REFS=feature\settings\src\main\java\top\wkbin\taixu\ui\settings\StorageMountSettingsScreen.kt|115,feature\settings\src\main\java\top\wkbin\taixu\ui\settings\StorageMountSettingsScreen.kt|124,feature\settings\src\main\java\top\wkbin\taixu\ui\settings\StorageMountSettingsScreen.kt|133
SAMEFILE	feature\settings\src\main\java\top\wkbin\taixu\ui\settings\StorageMountSettingsScreen.kt	349	private	fun	AddMountDialog	@Composable	REFS=feature\settings\src\main\java\top\wkbin\taixu\ui\settings\StorageMountSettingsScreen.kt|287
SAMEFILE	feature\settings\src\main\java\top\wkbin\taixu\ui\settings\StorageUsageScreen.kt	351	private	fun	StorageDashboardCard	@Composable	REFS=feature\settings\src\main\java\top\wkbin\taixu\ui\settings\StorageUsageScreen.kt|240
SAMEFILE	feature\settings\src\main\java\top\wkbin\taixu\ui\settings\StorageUsageScreen.kt	536	private	fun	SmartCleanupCards	@Composable	REFS=feature\settings\src\main\java\top\wkbin\taixu\ui\settings\StorageUsageScreen.kt|265
SAMEFILE	feature\settings\src\main\java\top\wkbin\taixu\ui\settings\StorageUsageScreen.kt	734	private	fun	StorageCategoryDetailCard	@Composable	REFS=feature\settings\src\main\java\top\wkbin\taixu\ui\settings\StorageUsageScreen.kt|330
SAMEFILE	feature\settings\src\main\java\top\wkbin\taixu\ui\settings\StorageUsageScreen.kt	855	private	fun	StorageEntryRow	@Composable	REFS=feature\settings\src\main\java\top\wkbin\taixu\ui\settings\StorageUsageScreen.kt|834
SAMEFILE	feature\settings\src\main\java\top\wkbin\taixu\ui\settings\StorageUsageScreen.kt	981	private	fun	RiskBadge	@Composable	REFS=feature\settings\src\main\java\top\wkbin\taixu\ui\settings\StorageUsageScreen.kt|804
SAMEFILE	feature\settings\src\main\java\top\wkbin\taixu\ui\settings\StorageUsageScreen.kt	1022	private	fun	categoryIcon		REFS=feature\settings\src\main\java\top\wkbin\taixu\ui\settings\StorageUsageScreen.kt|755
SAMEFILE	feature\settings\src\main\java\top\wkbin\taixu\ui\settings\StorageUsageScreen.kt	1038	private	fun	categoryColor		REFS=feature\settings\src\main\java\top\wkbin\taixu\ui\settings\StorageUsageScreen.kt|332,feature\settings\src\main\java\top\wkbin\taixu\ui\settings\StorageUsageScreen.kt|421,feature\settings\src\main\java\top\wkbin\taixu\ui\settings\StorageUsageScreen.kt|452,feature\settings\src\main\java\top\wkbin\taixu\ui\settings\StorageUsageScreen.kt|475,feature\settings\src\main\java\top\wkbin\taixu\ui\settings\StorageUsageScreen.kt|481,feature\settings\src\main\java\top\wkbin\taixu\ui\settings\StorageUsageScreen.kt|503
SAMEFILE	feature\settings\src\main\java\top\wkbin\taixu\ui\settings\StorageUsageViewModel.kt	33	public	class	StorageUsageUiState		REFS=feature\settings\src\main\java\top\wkbin\taixu\ui\settings\StorageUsageViewModel.kt|60,feature\settings\src\main\java\top\wkbin\taixu\ui\settings\StorageUsageViewModel.kt|61
SAMEFILE	feature\settings\src\main\java\top\wkbin\taixu\ui\settings\ToolCenterScreen.kt	1041	private	fun	ToolBrandAvatar	@Composable	REFS=feature\settings\src\main\java\top\wkbin\taixu\ui\settings\ToolCenterScreen.kt|1157
SAMEFILE	feature\settings\src\main\java\top\wkbin\taixu\ui\settings\ToolDetailScreen.kt	304	private	fun	DetailToolAvatar	@Composable	REFS=feature\settings\src\main\java\top\wkbin\taixu\ui\settings\ToolDetailScreen.kt|402
SAMEFILE	feature\settings\src\main\java\top\wkbin\taixu\ui\settings\ToolDetailScreen.kt	372	private	fun	ToolOverviewCard	@Composable	REFS=feature\settings\src\main\java\top\wkbin\taixu\ui\settings\ToolDetailScreen.kt|214
SAMEFILE	feature\settings\src\main\java\top\wkbin\taixu\ui\settings\ToolDetailScreen.kt	490	private	fun	GatewayManagementCard	@Composable	REFS=feature\settings\src\main\java\top\wkbin\taixu\ui\settings\ToolDetailScreen.kt|223
SAMEFILE	feature\settings\src\main\java\top\wkbin\taixu\ui\settings\ToolDetailScreen.kt	586	private	fun	ServiceLogsCard	@Composable	REFS=feature\settings\src\main\java\top\wkbin\taixu\ui\settings\ToolDetailScreen.kt|232
SAMEFILE	feature\settings\src\main\java\top\wkbin\taixu\ui\settings\ToolDetailScreen.kt	716	private	fun	ModelApplyCard	@Composable	REFS=feature\settings\src\main\java\top\wkbin\taixu\ui\settings\ToolDetailScreen.kt|246
SAMEFILE	feature\settings\src\main\java\top\wkbin\taixu\ui\settings\ToolDetailScreen.kt	872	private	fun	AutoStartCard	@Composable	REFS=feature\settings\src\main\java\top\wkbin\taixu\ui\settings\ToolDetailScreen.kt|257
SAMEFILE	feature\settings\src\main\java\top\wkbin\taixu\ui\settings\ToolDetailScreen.kt	905	private	fun	AccessLinkCard	@Composable	REFS=feature\settings\src\main\java\top\wkbin\taixu\ui\settings\ToolDetailScreen.kt|266
SAMEFILE	feature\settings\src\main\java\top\wkbin\taixu\ui\settings\ToolDetailScreen.kt	1103	private	fun	ToolMetadataCard	@Composable | @OptIn(androidx.compose.foundation.layout.ExperimentalLayoutApi::class)	REFS=feature\settings\src\main\java\top\wkbin\taixu\ui\settings\ToolDetailScreen.kt|281
SAMEFILE	feature\settings\src\main\java\top\wkbin\taixu\ui\settings\ToolDetailScreen.kt	1253	private	fun	ToolActionsCard	@Composable	REFS=feature\settings\src\main\java\top\wkbin\taixu\ui\settings\ToolDetailScreen.kt|285
SAMEFILE	feature\settings\src\main\java\top\wkbin\taixu\ui\settings\permission\PermissionGuideData.kt	16	public	class	PermissionStep		REFS=feature\settings\src\main\java\top\wkbin\taixu\ui\settings\permission\PermissionGuideData.kt|105,feature\settings\src\main\java\top\wkbin\taixu\ui\settings\permission\PermissionGuideData.kt|109,feature\settings\src\main\java\top\wkbin\taixu\ui\settings\permission\PermissionGuideData.kt|110,feature\settings\src\main\java\top\wkbin\taixu\ui\settings\permission\PermissionGuideData.kt|111,feature\settings\src\main\java\top\wkbin\taixu\ui\settings\permission\PermissionGuideData.kt|114,feature\settings\src\main\java\top\wkbin\taixu\ui\settings\permission\PermissionGuideData.kt|115,feature\settings\src\main\java\top\wkbin\taixu\ui\settings\permission\PermissionGuideData.kt|118,feature\settings\src\main\java\top\wkbin\taixu\ui\settings\permission\PermissionGuideData.kt|119,feature\settings\src\main\java\top\wkbin\taixu\ui\settings\permission\PermissionGuideData.kt|120,feature\settings\src\main\java\top\wkbin\taixu\ui\settings\permission\PermissionGuideData.kt|123,feature\settings\src\main\java\top\wkbin\taixu\ui\settings\permission\PermissionGuideData.kt|124,feature\settings\src\main\java\top\wkbin\taixu\ui\settings\permission\PermissionGuideData.kt|127,feature\settings\src\main\java\top\wkbin\taixu\ui\settings\permission\PermissionGuideData.kt|128,feature\settings\src\main\java\top\wkbin\taixu\ui\settings\permission\PermissionGuideData.kt|131,feature\settings\src\main\java\top\wkbin\taixu\ui\settings\permission\PermissionGuideData.kt|132,feature\settings\src\main\java\top\wkbin\taixu\ui\settings\permission\PermissionGuideData.kt|135,feature\settings\src\main\java\top\wkbin\taixu\ui\settings\permission\PermissionGuideData.kt|140,feature\settings\src\main\java\top\wkbin\taixu\ui\settings\permission\PermissionGuideData.kt|141,feature\settings\src\main\java\top\wkbin\taixu\ui\settings\permission\PermissionGuideData.kt|144,feature\settings\src\main\java\top\wkbin\taixu\ui\settings\permission\PermissionGuideData.kt|145,feature\settings\src\main\java\top\wkbin\taixu\ui\settings\permission\PermissionGuideData.kt|148,feature\settings\src\main\java\top\wkbin\taixu\ui\settings\permission\PermissionGuideData.kt|149,feature\settings\src\main\java\top\wkbin\taixu\ui\settings\permission\PermissionGuideData.kt|152,feature\settings\src\main\java\top\wkbin\taixu\ui\settings\permission\PermissionGuideData.kt|153,feature\settings\src\main\java\top\wkbin\taixu\ui\settings\permission\PermissionGuideData.kt|156,feature\settings\src\main\java\top\wkbin\taixu\ui\settings\permission\PermissionGuideData.kt|157,feature\settings\src\main\java\top\wkbin\taixu\ui\settings\permission\PermissionGuideData.kt|160,feature\settings\src\main\java\top\wkbin\taixu\ui\settings\permission\PermissionGuideData.kt|164,feature\settings\src\main\java\top\wkbin\taixu\ui\settings\permission\PermissionGuideData.kt|165,feature\settings\src\main\java\top\wkbin\taixu\ui\settings\permission\PermissionGuideData.kt|168,feature\settings\src\main\java\top\wkbin\taixu\ui\settings\permission\PermissionGuideData.kt|169,feature\settings\src\main\java\top\wkbin\taixu\ui\settings\permission\PermissionGuideData.kt|172
SAMEFILE	feature\settings\src\main\java\top\wkbin\taixu\ui\settings\permission\PermissionGuideScreen.kt	375	private	fun	launchSettingIntents		REFS=feature\settings\src\main\java\top\wkbin\taixu\ui\settings\permission\PermissionGuideScreen.kt|297
SAMEFILE	feature\settings\src\main\java\top\wkbin\taixu\ui\settings\stats\StatsViewModel.kt	16	public	class	StatsUiState		REFS=feature\settings\src\main\java\top\wkbin\taixu\ui\settings\stats\StatsViewModel.kt|28,feature\settings\src\main\java\top\wkbin\taixu\ui\settings\stats\StatsViewModel.kt|29
SAMEFILE	feature\settings\src\main\java\top\wkbin\taixu\ui\settings\stats\widgets\StatsHeatmap.kt	36	private	val	CellSize		REFS=feature\settings\src\main\java\top\wkbin\taixu\ui\settings\stats\widgets\StatsHeatmap.kt|38,feature\settings\src\main\java\top\wkbin\taixu\ui\settings\stats\widgets\StatsHeatmap.kt|188
SAMEFILE	feature\settings\src\main\java\top\wkbin\taixu\ui\settings\stats\widgets\StatsHeatmap.kt	37	private	val	CellPadding		REFS=feature\settings\src\main\java\top\wkbin\taixu\ui\settings\stats\widgets\StatsHeatmap.kt|38,feature\settings\src\main\java\top\wkbin\taixu\ui\settings\stats\widgets\StatsHeatmap.kt|113
SAMEFILE	feature\settings\src\main\java\top\wkbin\taixu\ui\settings\stats\widgets\StatsHeatmap.kt	38	private	val	CellPitch		REFS=feature\settings\src\main\java\top\wkbin\taixu\ui\settings\stats\widgets\StatsHeatmap.kt|87,feature\settings\src\main\java\top\wkbin\taixu\ui\settings\stats\widgets\StatsHeatmap.kt|117,feature\settings\src\main\java\top\wkbin\taixu\ui\settings\stats\widgets\StatsHeatmap.kt|166
SAMEFILE	feature\settings\src\main\java\top\wkbin\taixu\ui\settings\stats\widgets\StatsHeatmap.kt	39	private	val	WeekdayLabelWidth		REFS=feature\settings\src\main\java\top\wkbin\taixu\ui\settings\stats\widgets\StatsHeatmap.kt|159,feature\settings\src\main\java\top\wkbin\taixu\ui\settings\stats\widgets\StatsHeatmap.kt|167
SAMEFILE	feature\settings\src\main\java\top\wkbin\taixu\ui\settings\stats\widgets\StatsHeatmap.kt	40	private	val	MonthLabelHeight		REFS=feature\settings\src\main\java\top\wkbin\taixu\ui\settings\stats\widgets\StatsHeatmap.kt|88,feature\settings\src\main\java\top\wkbin\taixu\ui\settings\stats\widgets\StatsHeatmap.kt|160
SAMEFILE	feature\settings\src\main\java\top\wkbin\taixu\ui\settings\stats\widgets\StatsHeatmap.kt	156	private	fun	WeekdayLabels	@Composable	REFS=feature\settings\src\main\java\top\wkbin\taixu\ui\settings\stats\widgets\StatsHeatmap.kt|72
SAMEFILE	feature\settings\src\main\java\top\wkbin\taixu\ui\settings\stats\widgets\StatsHeatmap.kt	186	private	fun	HeatCell	@Composable	REFS=feature\settings\src\main\java\top\wkbin\taixu\ui\settings\stats\widgets\StatsHeatmap.kt|114,feature\settings\src\main\java\top\wkbin\taixu\ui\settings\stats\widgets\StatsHeatmap.kt|141
SAMEFILE	feature\settings\src\main\java\top\wkbin\taixu\ui\settings\stats\widgets\StatsHeatmap.kt	209	private	fun	calcLevel		REFS=feature\settings\src\main\java\top\wkbin\taixu\ui\settings\stats\widgets\StatsHeatmap.kt|112
SAMEFILE	feature\settings\src\main\java\top\wkbin\taixu\ui\settings\stats\widgets\StatsHeatmap.kt	217	private	fun	quantile		REFS=feature\settings\src\main\java\top\wkbin\taixu\ui\settings\stats\widgets\StatsHeatmap.kt|50,feature\settings\src\main\java\top\wkbin\taixu\ui\settings\stats\widgets\StatsHeatmap.kt|51,feature\settings\src\main\java\top\wkbin\taixu\ui\settings\stats\widgets\StatsHeatmap.kt|52
SAMEFILE	feature\settings\src\main\java\top\wkbin\taixu\ui\settings\stats\widgets\StatsHeatmap.kt	223	private	fun	calendarWeeks		REFS=feature\settings\src\main\java\top\wkbin\taixu\ui\settings\stats\widgets\StatsHeatmap.kt|54
SAMEFILE	feature\settings\src\main\java\top\wkbin\taixu\ui\settings\stats\widgets\StatsMetricGrid.kt	85	private	class	MetricItem		REFS=feature\settings\src\main\java\top\wkbin\taixu\ui\settings\stats\widgets\StatsMetricGrid.kt|33,feature\settings\src\main\java\top\wkbin\taixu\ui\settings\stats\widgets\StatsMetricGrid.kt|38,feature\settings\src\main\java\top\wkbin\taixu\ui\settings\stats\widgets\StatsMetricGrid.kt|43,feature\settings\src\main\java\top\wkbin\taixu\ui\settings\stats\widgets\StatsMetricGrid.kt|48,feature\settings\src\main\java\top\wkbin\taixu\ui\settings\stats\widgets\StatsMetricGrid.kt|53,feature\settings\src\main\java\top\wkbin\taixu\ui\settings\stats\widgets\StatsMetricGrid.kt|58,feature\settings\src\main\java\top\wkbin\taixu\ui\settings\stats\widgets\StatsMetricGrid.kt|93
SAMEFILE	feature\settings\src\main\java\top\wkbin\taixu\ui\settings\stats\widgets\StatsMetricGrid.kt	92	private	fun	MetricTile	@Composable	REFS=feature\settings\src\main\java\top\wkbin\taixu\ui\settings\stats\widgets\StatsMetricGrid.kt|74,feature\settings\src\main\java\top\wkbin\taixu\ui\settings\stats\widgets\StatsMetricGrid.kt|76
SAMEFILE	feature\settings\src\main\java\top\wkbin\taixu\ui\settings\stats\widgets\StatsMetricGrid.kt	140	private	fun	formatCompact		REFS=feature\settings\src\main\java\top\wkbin\taixu\ui\settings\stats\widgets\StatsMetricGrid.kt|36,feature\settings\src\main\java\top\wkbin\taixu\ui\settings\stats\widgets\StatsMetricGrid.kt|41,feature\settings\src\main\java\top\wkbin\taixu\ui\settings\stats\widgets\StatsMetricGrid.kt|46,feature\settings\src\main\java\top\wkbin\taixu\ui\settings\stats\widgets\StatsMetricGrid.kt|51,feature\settings\src\main\java\top\wkbin\taixu\ui\settings\stats\widgets\StatsMetricGrid.kt|56
SAMEFILE	feature\settings\src\main\java\top\wkbin\taixu\ui\settings\stats\widgets\StatsRankSection.kt	111	private	fun	RankBody	@Composable	REFS=feature\settings\src\main\java\top\wkbin\taixu\ui\settings\stats\widgets\StatsRankSection.kt|69,feature\settings\src\main\java\top\wkbin\taixu\ui\settings\stats\widgets\StatsRankSection.kt|93
SAMEFILE	feature\settings\src\main\java\top\wkbin\taixu\ui\settings\stats\widgets\StatsRankSection.kt	173	private	fun	RankRow	@Composable	REFS=feature\settings\src\main\java\top\wkbin\taixu\ui\settings\stats\widgets\StatsRankSection.kt|167
SAMEFILE	feature\settings\src\main\java\top\wkbin\taixu\ui\settings\stats\widgets\StatsUsageChart.kt	191	private	fun	formatTokens		REFS=feature\settings\src\main\java\top\wkbin\taixu\ui\settings\stats\widgets\StatsUsageChart.kt|104,feature\settings\src\main\java\top\wkbin\taixu\ui\settings\stats\widgets\StatsUsageChart.kt|129
SAMEFILE	feature\terminal\src\main\java\top\wkbin\taixu\ui\terminal\TerminalScreen.kt	115	private	val	MIN_TERMINAL_FONT_SIZE_SP		REFS=feature\terminal\src\main\java\top\wkbin\taixu\ui\terminal\TerminalScreen.kt|401
SAMEFILE	feature\terminal\src\main\java\top\wkbin\taixu\ui\terminal\TerminalScreen.kt	116	private	val	MAX_TERMINAL_FONT_SIZE_SP		REFS=feature\terminal\src\main\java\top\wkbin\taixu\ui\terminal\TerminalScreen.kt|402
SAMEFILE	feature\terminal\src\main\java\top\wkbin\taixu\ui\terminal\TerminalScreen.kt	626	private	fun	CreateTerminalDialog	@Composable	REFS=feature\terminal\src\main\java\top\wkbin\taixu\ui\terminal\TerminalScreen.kt|612
SAMEFILE	feature\terminal\src\main\java\top\wkbin\taixu\ui\terminal\TerminalScreen.kt	770	private	fun	TerminalDirOption	@Composable	REFS=feature\terminal\src\main\java\top\wkbin\taixu\ui\terminal\TerminalScreen.kt|736,feature\terminal\src\main\java\top\wkbin\taixu\ui\terminal\TerminalScreen.kt|745
SAMEFILE	feature\terminal\src\main\java\top\wkbin\taixu\ui\terminal\TerminalScreen.kt	806	private	fun	SessionListDialog	@Composable	REFS=feature\terminal\src\main\java\top\wkbin\taixu\ui\terminal\TerminalScreen.kt|582
SAMEFILE	feature\terminal\src\main\java\top\wkbin\taixu\ui\terminal\TerminalScreen.kt	976	private	fun	CloseSessionConfirmDialog	@Composable	REFS=feature\terminal\src\main\java\top\wkbin\taixu\ui\terminal\TerminalScreen.kt|597
SAMEFILE	feature\terminal\src\main\java\top\wkbin\taixu\ui\terminal\TerminalScreen.kt	1027	private	fun	ExtraKey	@Composable	REFS=feature\terminal\src\main\java\top\wkbin\taixu\ui\terminal\TerminalScreen.kt|549,feature\terminal\src\main\java\top\wkbin\taixu\ui\terminal\TerminalScreen.kt|550,feature\terminal\src\main\java\top\wkbin\taixu\ui\terminal\TerminalScreen.kt|551,feature\terminal\src\main\java\top\wkbin\taixu\ui\terminal\TerminalScreen.kt|552,feature\terminal\src\main\java\top\wkbin\taixu\ui\terminal\TerminalScreen.kt|553,feature\terminal\src\main\java\top\wkbin\taixu\ui\terminal\TerminalScreen.kt|554,feature\terminal\src\main\java\top\wkbin\taixu\ui\terminal\TerminalScreen.kt|555,feature\terminal\src\main\java\top\wkbin\taixu\ui\terminal\TerminalScreen.kt|556,feature\terminal\src\main\java\top\wkbin\taixu\ui\terminal\TerminalScreen.kt|557,feature\terminal\src\main\java\top\wkbin\taixu\ui\terminal\TerminalScreen.kt|558,feature\terminal\src\main\java\top\wkbin\taixu\ui\terminal\TerminalScreen.kt|559,feature\terminal\src\main\java\top\wkbin\taixu\ui\terminal\TerminalScreen.kt|560,feature\terminal\src\main\java\top\wkbin\taixu\ui\terminal\TerminalScreen.kt|561,feature\terminal\src\main\java\top\wkbin\taixu\ui\terminal\TerminalScreen.kt|562,feature\terminal\src\main\java\top\wkbin\taixu\ui\terminal\TerminalScreen.kt|563,feature\terminal\src\main\java\top\wkbin\taixu\ui\terminal\TerminalScreen.kt|564,feature\terminal\src\main\java\top\wkbin\taixu\ui\terminal\TerminalScreen.kt|565
SAMEFILE	feature\terminal\src\main\java\top\wkbin\taixu\ui\terminal\TerminalScreen.kt	1079	private	fun	TerminalDot	@Composable	REFS=feature\terminal\src\main\java\top\wkbin\taixu\ui\terminal\TerminalScreen.kt|342,feature\terminal\src\main\java\top\wkbin\taixu\ui\terminal\TerminalScreen.kt|343,feature\terminal\src\main\java\top\wkbin\taixu\ui\terminal\TerminalScreen.kt|344
SAMEFILE	feature\terminal\src\main\java\top\wkbin\taixu\ui\terminal\TerminalScreen.kt	1084	private	fun	TerminalLineRow	@Composable	REFS=feature\terminal\src\main\java\top\wkbin\taixu\ui\terminal\TerminalScreen.kt|462
SAMEFILE	feature\terminal\src\main\java\top\wkbin\taixu\ui\terminal\TerminalScreen.kt	1129	private	fun	doShowKeyboard		REFS=feature\terminal\src\main\java\top\wkbin\taixu\ui\terminal\TerminalScreen.kt|260
ZERO	feature\theme\src\main\java\top\wkbin\taixu\ui\theme\Color.kt	45	public	val	M3ExpLightSuccess	
ZERO	feature\theme\src\main\java\top\wkbin\taixu\ui\theme\Color.kt	46	public	val	M3ExpLightSuccessContainer	
SAMEFILE	feature\theme\src\main\java\top\wkbin\taixu\ui\theme\Color.kt	47	public	val	M3ExpDarkSuccess		REFS=feature\theme\src\main\java\top\wkbin\taixu\ui\theme\Color.kt|97
SAMEFILE	feature\theme\src\main\java\top\wkbin\taixu\ui\theme\Color.kt	48	public	val	M3ExpDarkSuccessContainer		REFS=feature\theme\src\main\java\top\wkbin\taixu\ui\theme\Color.kt|98
ZERO	feature\theme\src\main\java\top\wkbin\taixu\ui\theme\Color.kt	50	public	val	M3ExpLightWarning	
ZERO	feature\theme\src\main\java\top\wkbin\taixu\ui\theme\Color.kt	51	public	val	M3ExpLightWarningContainer	
SAMEFILE	feature\theme\src\main\java\top\wkbin\taixu\ui\theme\Color.kt	52	public	val	M3ExpDarkWarning		REFS=feature\theme\src\main\java\top\wkbin\taixu\ui\theme\Color.kt|99
SAMEFILE	feature\theme\src\main\java\top\wkbin\taixu\ui\theme\Color.kt	53	public	val	M3ExpDarkWarningContainer		REFS=feature\theme\src\main\java\top\wkbin\taixu\ui\theme\Color.kt|100
ZERO	feature\theme\src\main\java\top\wkbin\taixu\ui\theme\Color.kt	91	public	val	CyberCyan	
ZERO	feature\theme\src\main\java\top\wkbin\taixu\ui\theme\Color.kt	92	public	val	CyberCyanMuted	
ZERO	feature\theme\src\main\java\top\wkbin\taixu\ui\theme\Color.kt	93	public	val	CyberCyanContainer	
ZERO	feature\theme\src\main\java\top\wkbin\taixu\ui\theme\Color.kt	94	public	val	AuroraViolet	
ZERO	feature\theme\src\main\java\top\wkbin\taixu\ui\theme\Color.kt	95	public	val	AuroraVioletLight	
ZERO	feature\theme\src\main\java\top\wkbin\taixu\ui\theme\Color.kt	96	public	val	AuroraVioletContainer	
ZERO	feature\theme\src\main\java\top\wkbin\taixu\ui\theme\Color.kt	97	public	val	PulseEmerald	
ZERO	feature\theme\src\main\java\top\wkbin\taixu\ui\theme\Color.kt	98	public	val	PulseEmeraldContainer	
ZERO	feature\theme\src\main\java\top\wkbin\taixu\ui\theme\Color.kt	99	public	val	SolarAmber	
ZERO	feature\theme\src\main\java\top\wkbin\taixu\ui\theme\Color.kt	100	public	val	SolarAmberContainer	
ZERO	feature\theme\src\main\java\top\wkbin\taixu\ui\theme\Color.kt	101	public	val	LaserCrimson	
ZERO	feature\theme\src\main\java\top\wkbin\taixu\ui\theme\Color.kt	102	public	val	LaserCrimsonContainer	
ZERO	feature\theme\src\main\java\top\wkbin\taixu\ui\theme\Color.kt	104	public	val	TaiXuVoid	
ZERO	feature\theme\src\main\java\top\wkbin\taixu\ui\theme\Color.kt	105	public	val	TaiXuBackground	
ZERO	feature\theme\src\main\java\top\wkbin\taixu\ui\theme\Color.kt	106	public	val	TaiXuSurface	
ZERO	feature\theme\src\main\java\top\wkbin\taixu\ui\theme\Color.kt	107	public	val	TaiXuSurfaceLow	
ZERO	feature\theme\src\main\java\top\wkbin\taixu\ui\theme\Color.kt	108	public	val	TaiXuSurfaceContainerLow	
ZERO	feature\theme\src\main\java\top\wkbin\taixu\ui\theme\Color.kt	109	public	val	TaiXuSurfaceHigh	
ZERO	feature\theme\src\main\java\top\wkbin\taixu\ui\theme\Color.kt	110	public	val	TaiXuSurfaceHighest	
ZERO	feature\theme\src\main\java\top\wkbin\taixu\ui\theme\Color.kt	111	public	val	TaiXuOnPrimary	
ZERO	feature\theme\src\main\java\top\wkbin\taixu\ui\theme\Color.kt	112	public	val	TaiXuOnSurface	
ZERO	feature\theme\src\main\java\top\wkbin\taixu\ui\theme\Color.kt	113	public	val	TaiXuOnSurfaceMuted	
ZERO	feature\theme\src\main\java\top\wkbin\taixu\ui\theme\Color.kt	114	public	val	TaiXuOnSurfaceDim	
ZERO	feature\theme\src\main\java\top\wkbin\taixu\ui\theme\Color.kt	115	public	val	TaiXuOutline	
ZERO	feature\theme\src\main\java\top\wkbin\taixu\ui\theme\Color.kt	116	public	val	TaiXuOutlineVariant	
ZERO	feature\theme\src\main\java\top\wkbin\taixu\ui\theme\Color.kt	117	public	val	TaiXuGlassBg	
ZERO	feature\theme\src\main\java\top\wkbin\taixu\ui\theme\Color.kt	119	public	val	LightBg	
ZERO	feature\theme\src\main\java\top\wkbin\taixu\ui\theme\Color.kt	120	public	val	LightSurface	
ZERO	feature\theme\src\main\java\top\wkbin\taixu\ui\theme\Color.kt	121	public	val	LightSurfaceLow	
ZERO	feature\theme\src\main\java\top\wkbin\taixu\ui\theme\Color.kt	122	public	val	LightSurfaceHigh	
ZERO	feature\theme\src\main\java\top\wkbin\taixu\ui\theme\Color.kt	123	public	val	LightSurfaceHighest	
ZERO	feature\theme\src\main\java\top\wkbin\taixu\ui\theme\Color.kt	124	public	val	LightPrimary	
ZERO	feature\theme\src\main\java\top\wkbin\taixu\ui\theme\Color.kt	125	public	val	LightPrimaryContainer	
ZERO	feature\theme\src\main\java\top\wkbin\taixu\ui\theme\Color.kt	126	public	val	LightOnPrimary	
ZERO	feature\theme\src\main\java\top\wkbin\taixu\ui\theme\Color.kt	127	public	val	LightOnPrimaryContainer	
ZERO	feature\theme\src\main\java\top\wkbin\taixu\ui\theme\Color.kt	128	public	val	LightSecondary	
ZERO	feature\theme\src\main\java\top\wkbin\taixu\ui\theme\Color.kt	129	public	val	LightSecondaryContainer	
ZERO	feature\theme\src\main\java\top\wkbin\taixu\ui\theme\Color.kt	130	public	val	LightOnSecondaryContainer	
ZERO	feature\theme\src\main\java\top\wkbin\taixu\ui\theme\Color.kt	131	public	val	LightOnSurface	
ZERO	feature\theme\src\main\java\top\wkbin\taixu\ui\theme\Color.kt	132	public	val	LightOnSurfaceMuted	
ZERO	feature\theme\src\main\java\top\wkbin\taixu\ui\theme\Color.kt	133	public	val	LightOnSurfaceDim	
ZERO	feature\theme\src\main\java\top\wkbin\taixu\ui\theme\Color.kt	134	public	val	LightOutline	
ZERO	feature\theme\src\main\java\top\wkbin\taixu\ui\theme\Color.kt	135	public	val	LightOutlineVariant	
ZERO	feature\theme\src\main\java\top\wkbin\taixu\ui\theme\Color.kt	136	public	val	LightGlassBg	
ZERO	feature\theme\src\main\java\top\wkbin\taixu\ui\theme\Color.kt	137	public	val	LightGlowBorder	
ZERO	feature\theme\src\main\java\top\wkbin\taixu\ui\theme\Color.kt	138	public	val	TaiXuGlowBorder	
ZERO	feature\theme\src\main\java\top\wkbin\taixu\ui\theme\Color.kt	209	public	val	ChengmingAuroraTop	
ZERO	feature\theme\src\main\java\top\wkbin\taixu\ui\theme\Color.kt	210	public	val	ChengmingAuroraMid	
ZERO	feature\theme\src\main\java\top\wkbin\taixu\ui\theme\Color.kt	211	public	val	ChengmingAuroraBottom	
ZERO	feature\theme\src\main\java\top\wkbin\taixu\ui\theme\Color.kt	212	public	val	ChengmingAuroraGlow	
SAMEFILE	feature\theme\src\main\java\top\wkbin\taixu\ui\theme\Theme.kt	71	private	val	XuantongLightColors		REFS=feature\theme\src\main\java\top\wkbin\taixu\ui\theme\Theme.kt|233
SAMEFILE	feature\theme\src\main\java\top\wkbin\taixu\ui\theme\Theme.kt	103	private	val	XuantongDarkColors		REFS=feature\theme\src\main\java\top\wkbin\taixu\ui\theme\Theme.kt|233
SAMEFILE	feature\theme\src\main\java\top\wkbin\taixu\ui\theme\Theme.kt	137	private	val	ChengmingLightColors		REFS=feature\theme\src\main\java\top\wkbin\taixu\ui\theme\Theme.kt|234
SAMEFILE	feature\theme\src\main\java\top\wkbin\taixu\ui\theme\Theme.kt	169	private	val	ChengmingDarkColors		REFS=feature\theme\src\main\java\top\wkbin\taixu\ui\theme\Theme.kt|234
SAMEFILE	feature\theme\src\main\java\top\wkbin\taixu\ui\theme\Theme.kt	204	private	val	TaiXuShapes		REFS=feature\theme\src\main\java\top\wkbin\taixu\ui\theme\Theme.kt|240
SAMEFILE	feature\theme\src\main\java\top\wkbin\taixu\ui\theme\Theme.kt	277	private	fun	LiquidGlassRoot	@Composable	REFS=feature\theme\src\main\java\top\wkbin\taixu\ui\theme\Theme.kt|243
SAMEFILE	feature\theme\src\main\java\top\wkbin\taixu\ui\theme\Theme.kt	304	private	fun	ChengmingBackdrop	@Composable	REFS=feature\theme\src\main\java\top\wkbin\taixu\ui\theme\Theme.kt|287
SAMEFILE	feature\theme\src\main\java\top\wkbin\taixu\ui\theme\Type.kt	8	private	val	AppSans		REFS=feature\theme\src\main\java\top\wkbin\taixu\ui\theme\Type.kt|12,feature\theme\src\main\java\top\wkbin\taixu\ui\theme\Type.kt|19,feature\theme\src\main\java\top\wkbin\taixu\ui\theme\Type.kt|26,feature\theme\src\main\java\top\wkbin\taixu\ui\theme\Type.kt|33,feature\theme\src\main\java\top\wkbin\taixu\ui\theme\Type.kt|40,feature\theme\src\main\java\top\wkbin\taixu\ui\theme\Type.kt|47,feature\theme\src\main\java\top\wkbin\taixu\ui\theme\Type.kt|53,feature\theme\src\main\java\top\wkbin\taixu\ui\theme\Type.kt|57,feature\theme\src\main\java\top\wkbin\taixu\ui\theme\Type.kt|62,feature\theme\src\main\java\top\wkbin\taixu\ui\theme\Type.kt|67,feature\theme\src\main\java\top\wkbin\taixu\ui\theme\Type.kt|72,feature\theme\src\main\java\top\wkbin\taixu\ui\theme\Type.kt|78,feature\theme\src\main\java\top\wkbin\taixu\ui\theme\Type.kt|84
SAMEFILE	feature\workspace\src\main\java\top\wkbin\taixu\ui\workspace\CodeEditorScreen.kt	86	private	val	EditorBackground		REFS=feature\workspace\src\main\java\top\wkbin\taixu\ui\workspace\CodeEditorScreen.kt|235
SAMEFILE	feature\workspace\src\main\java\top\wkbin\taixu\ui\workspace\CodeEditorScreen.kt	87	private	val	EditorGutterBackground		REFS=feature\workspace\src\main\java\top\wkbin\taixu\ui\workspace\CodeEditorScreen.kt|273,feature\workspace\src\main\java\top\wkbin\taixu\ui\workspace\CodeEditorScreen.kt|413
SAMEFILE	feature\workspace\src\main\java\top\wkbin\taixu\ui\workspace\CodeEditorScreen.kt	88	private	val	EditorText		REFS=feature\workspace\src\main\java\top\wkbin\taixu\ui\workspace\CodeEditorScreen.kt|325
SAMEFILE	feature\workspace\src\main\java\top\wkbin\taixu\ui\workspace\CodeEditorScreen.kt	89	private	val	EditorGutterText		REFS=feature\workspace\src\main\java\top\wkbin\taixu\ui\workspace\CodeEditorScreen.kt|280,feature\workspace\src\main\java\top\wkbin\taixu\ui\workspace\CodeEditorScreen.kt|433,feature\workspace\src\main\java\top\wkbin\taixu\ui\workspace\CodeEditorScreen.kt|441,feature\workspace\src\main\java\top\wkbin\taixu\ui\workspace\CodeEditorScreen.kt|458
SAMEFILE	feature\workspace\src\main\java\top\wkbin\taixu\ui\workspace\CodeEditorScreen.kt	90	private	val	EditorAccent		REFS=feature\workspace\src\main\java\top\wkbin\taixu\ui\workspace\CodeEditorScreen.kt|210,feature\workspace\src\main\java\top\wkbin\taixu\ui\workspace\CodeEditorScreen.kt|331,feature\workspace\src\main\java\top\wkbin\taixu\ui\workspace\CodeEditorScreen.kt|427,feature\workspace\src\main\java\top\wkbin\taixu\ui\workspace\CodeEditorScreen.kt|450,feature\workspace\src\main\java\top\wkbin\taixu\ui\workspace\CodeEditorScreen.kt|458,feature\workspace\src\main\java\top\wkbin\taixu\ui\workspace\CodeEditorScreen.kt|467
SAMEFILE	feature\workspace\src\main\java\top\wkbin\taixu\ui\workspace\CodeEditorScreen.kt	91	private	val	EditorWarning		REFS=feature\workspace\src\main\java\top\wkbin\taixu\ui\workspace\CodeEditorScreen.kt|467
SAMEFILE	feature\workspace\src\main\java\top\wkbin\taixu\ui\workspace\CodeEditorScreen.kt	92	private	val	MIN_EDITOR_FONT_SIZE_SP		REFS=feature\workspace\src\main\java\top\wkbin\taixu\ui\workspace\CodeEditorScreen.kt|249,feature\workspace\src\main\java\top\wkbin\taixu\ui\workspace\CodeEditorScreen.kt|259
SAMEFILE	feature\workspace\src\main\java\top\wkbin\taixu\ui\workspace\CodeEditorScreen.kt	93	private	val	MAX_EDITOR_FONT_SIZE_SP		REFS=feature\workspace\src\main\java\top\wkbin\taixu\ui\workspace\CodeEditorScreen.kt|250,feature\workspace\src\main\java\top\wkbin\taixu\ui\workspace\CodeEditorScreen.kt|260
SAMEFILE	feature\workspace\src\main\java\top\wkbin\taixu\ui\workspace\CodeEditorScreen.kt	404	private	fun	EditorStatusBar	@Composable	REFS=feature\workspace\src\main\java\top\wkbin\taixu\ui\workspace\CodeEditorScreen.kt|340
SAMEFILE	feature\workspace\src\main\java\top\wkbin\taixu\ui\workspace\TemplateVariableFields.kt	33	private	fun	VariableLabel	@Composable	REFS=feature\workspace\src\main\java\top\wkbin\taixu\ui\workspace\TemplateVariableFields.kt|61,feature\workspace\src\main\java\top\wkbin\taixu\ui\workspace\TemplateVariableFields.kt|75,feature\workspace\src\main\java\top\wkbin\taixu\ui\workspace\TemplateVariableFields.kt|101
SAMEFILE	feature\workspace\src\main\java\top\wkbin\taixu\ui\workspace\TemplateVariableFields.kt	128	internal	class	TemplateVariableErrorKind		REFS=feature\workspace\src\main\java\top\wkbin\taixu\ui\workspace\TemplateVariableFields.kt|131,feature\workspace\src\main\java\top\wkbin\taixu\ui\workspace\TemplateVariableFields.kt|135,feature\workspace\src\main\java\top\wkbin\taixu\ui\workspace\TemplateVariableFields.kt|145,feature\workspace\src\main\java\top\wkbin\taixu\ui\workspace\TemplateVariableFields.kt|146
SAMEFILE	feature\workspace\src\main\java\top\wkbin\taixu\ui\workspace\TemplateVariableFields.kt	130	internal	fun	templateVariableErrorKind		REFS=feature\workspace\src\main\java\top\wkbin\taixu\ui\workspace\TemplateVariableFields.kt|131,feature\workspace\src\main\java\top\wkbin\taixu\ui\workspace\TemplateVariableFields.kt|135,feature\workspace\src\main\java\top\wkbin\taixu\ui\workspace\TemplateVariableFields.kt|145,feature\workspace\src\main\java\top\wkbin\taixu\ui\workspace\TemplateVariableFields.kt|146
SAMEFILE	feature\workspace\src\main\java\top\wkbin\taixu\ui\workspace\WorkshopSettingsScreen.kt	138	private	fun	ManagedScriptCard	@Composable	REFS=feature\workspace\src\main\java\top\wkbin\taixu\ui\workspace\WorkshopSettingsScreen.kt|89
SAMEFILE	feature\workspace\src\main\java\top\wkbin\taixu\ui\workspace\WorkshopSettingsScreen.kt	184	private	fun	ProjectScriptBindingRow	@Composable	REFS=feature\workspace\src\main\java\top\wkbin\taixu\ui\workspace\WorkshopSettingsScreen.kt|99
SAMEFILE	feature\workspace\src\main\java\top\wkbin\taixu\ui\workspace\WorkshopSettingsScreen.kt	203	private	fun	ManagedScriptEditorDialog	@Composable	REFS=feature\workspace\src\main\java\top\wkbin\taixu\ui\workspace\WorkshopSettingsScreen.kt|110,feature\workspace\src\main\java\top\wkbin\taixu\ui\workspace\WorkshopSettingsScreen.kt|114
SAMEFILE	feature\workspace\src\main\java\top\wkbin\taixu\ui\workspace\WorkshopSettingsScreen.kt	312	private	fun	ToolchainPathDropdownField	@Composable	REFS=feature\workspace\src\main\java\top\wkbin\taixu\ui\workspace\WorkshopSettingsScreen.kt|287,feature\workspace\src\main\java\top\wkbin\taixu\ui\workspace\WorkshopSettingsScreen.kt|288,feature\workspace\src\main\java\top\wkbin\taixu\ui\workspace\WorkshopSettingsScreen.kt|289,feature\workspace\src\main\java\top\wkbin\taixu\ui\workspace\WorkshopSettingsScreen.kt|290
SAMEFILE	feature\workspace\src\main\java\top\wkbin\taixu\ui\workspace\WorkshopSettingsScreen.kt	486	private	fun	PathField	@Composable | @Composable private fun ScriptPathPanel(path: String) { RuntimeCard(containerColor = MaterialTheme.colorScheme.surfaceContainerLow) { Column(verticalArrangement = Arrangement.spacedBy(4.dp)) { Text(stringResource(R.string.workshop_script_path_title), style = MaterialTheme.typography.labelMedium, color = MaterialTheme.colorScheme.onSurfaceVariant); Text(path, style = MaterialTheme.typography.bodySmall.copy(fontFamily = FontFamily.Monospace, fontSize = 11.sp)) } } }	REFS=feature\workspace\src\main\java\top\wkbin\taixu\ui\workspace\WorkshopSettingsScreen.kt|291,feature\workspace\src\main\java\top\wkbin\taixu\ui\workspace\WorkshopSettingsScreen.kt|292,feature\workspace\src\main\java\top\wkbin\taixu\ui\workspace\WorkshopSettingsScreen.kt|293,feature\workspace\src\main\java\top\wkbin\taixu\ui\workspace\WorkshopSettingsScreen.kt|294,feature\workspace\src\main\java\top\wkbin\taixu\ui\workspace\WorkshopSettingsScreen.kt|295,feature\workspace\src\main\java\top\wkbin\taixu\ui\workspace\WorkshopSettingsScreen.kt|296,feature\workspace\src\main\java\top\wkbin\taixu\ui\workspace\WorkshopSettingsScreen.kt|297
SAMEFILE	feature\workspace\src\main\java\top\wkbin\taixu\ui\workspace\WorkshopSettingsScreen.kt	502	private	fun	CodeEditorPanel	@Composable	REFS=feature\workspace\src\main\java\top\wkbin\taixu\ui\workspace\WorkshopSettingsScreen.kt|238,feature\workspace\src\main\java\top\wkbin\taixu\ui\workspace\WorkshopSettingsScreen.kt|439
SAMEFILE	feature\workspace\src\main\java\top\wkbin\taixu\ui\workspace\WorkshopSettingsViewModel.kt	38	public	class	DetectedToolchains		REFS=feature\workspace\src\main\java\top\wkbin\taixu\ui\workspace\WorkshopSettingsViewModel.kt|109,feature\workspace\src\main\java\top\wkbin\taixu\ui\workspace\WorkshopSettingsViewModel.kt|110,feature\workspace\src\main\java\top\wkbin\taixu\ui\workspace\WorkshopSettingsViewModel.kt|170,feature\workspace\src\main\java\top\wkbin\taixu\ui\workspace\WorkshopSettingsViewModel.kt|193,feature\workspace\src\main\java\top\wkbin\taixu\ui\workspace\WorkshopSettingsViewModel.kt|246
SAMEFILE	feature\workspace\src\main\java\top\wkbin\taixu\ui\workspace\WorkshopSettingsViewModel.kt	46	public	class	WorkshopEnvironmentDraft		REFS=feature\workspace\src\main\java\top\wkbin\taixu\ui\workspace\WorkshopSettingsViewModel.kt|77,feature\workspace\src\main\java\top\wkbin\taixu\ui\workspace\WorkshopSettingsViewModel.kt|92,feature\workspace\src\main\java\top\wkbin\taixu\ui\workspace\WorkshopSettingsViewModel.kt|93,feature\workspace\src\main\java\top\wkbin\taixu\ui\workspace\WorkshopSettingsViewModel.kt|313,feature\workspace\src\main\java\top\wkbin\taixu\ui\workspace\WorkshopSettingsViewModel.kt|331
SAMEFILE	feature\workspace\src\main\java\top\wkbin\taixu\ui\workspace\WorkshopSigningScreen.kt	142	private	fun	KeystoreRow	@Composable	REFS=feature\workspace\src\main\java\top\wkbin\taixu\ui\workspace\WorkshopSigningScreen.kt|92
SAMEFILE	feature\workspace\src\main\java\top\wkbin\taixu\ui\workspace\WorkshopSigningScreen.kt	163	private	fun	CreateKeystoreDialog	@Composable	REFS=feature\workspace\src\main\java\top\wkbin\taixu\ui\workspace\WorkshopSigningScreen.kt|101
SAMEFILE	feature\workspace\src\main\java\top\wkbin\taixu\ui\workspace\WorkshopSigningScreen.kt	321	private	fun	ImportKeystoreDialog	@Composable	REFS=feature\workspace\src\main\java\top\wkbin\taixu\ui\workspace\WorkshopSigningScreen.kt|114
SAMEFILE	feature\workspace\src\main\java\top\wkbin\taixu\ui\workspace\WorkshopSigningScreen.kt	416	private	fun	SigningField	@Composable	REFS=feature\workspace\src\main\java\top\wkbin\taixu\ui\workspace\WorkshopSigningScreen.kt|208,feature\workspace\src\main\java\top\wkbin\taixu\ui\workspace\WorkshopSigningScreen.kt|212,feature\workspace\src\main\java\top\wkbin\taixu\ui\workspace\WorkshopSigningScreen.kt|216,feature\workspace\src\main\java\top\wkbin\taixu\ui\workspace\WorkshopSigningScreen.kt|226,feature\workspace\src\main\java\top\wkbin\taixu\ui\workspace\WorkshopSigningScreen.kt|237,feature\workspace\src\main\java\top\wkbin\taixu\ui\workspace\WorkshopSigningScreen.kt|248,feature\workspace\src\main\java\top\wkbin\taixu\ui\workspace\WorkshopSigningScreen.kt|378,feature\workspace\src\main\java\top\wkbin\taixu\ui\workspace\WorkshopSigningScreen.kt|382,feature\workspace\src\main\java\top\wkbin\taixu\ui\workspace\WorkshopSigningScreen.kt|386,feature\workspace\src\main\java\top\wkbin\taixu\ui\workspace\WorkshopSigningScreen.kt|390
SAMEFILE	feature\workspace\src\main\java\top\wkbin\taixu\ui\workspace\WorkshopSigningScreen.kt	450	private	fun	formatDate		REFS=feature\workspace\src\main\java\top\wkbin\taixu\ui\workspace\WorkshopSigningScreen.kt|150
SAMEFILE	feature\workspace\src\main\java\top\wkbin\taixu\ui\workspace\WorkshopSigningScreen.kt	454	private	val	creationDraftSaver		REFS=feature\workspace\src\main\java\top\wkbin\taixu\ui\workspace\WorkshopSigningScreen.kt|168
SAMEFILE	feature\workspace\src\main\java\top\wkbin\taixu\ui\workspace\WorkshopSigningScreen.kt	468	private	val	importDraftSaver		REFS=feature\workspace\src\main\java\top\wkbin\taixu\ui\workspace\WorkshopSigningScreen.kt|326
SAMEFILE	feature\workspace\src\main\java\top\wkbin\taixu\ui\workspace\WorkshopSigningScreen.kt	482	private	fun	queryDisplayName		REFS=feature\workspace\src\main\java\top\wkbin\taixu\ui\workspace\WorkspaceScreen.kt|317,feature\workspace\src\main\java\top\wkbin\taixu\ui\workspace\WorkspaceScreen.kt|326,feature\workspace\src\main\java\top\wkbin\taixu\ui\workspace\WorkshopSigningScreen.kt|331
SAMEFILE	feature\workspace\src\main\java\top\wkbin\taixu\ui\workspace\WorkspaceBuildTaskCoordinator.kt	23	public	class	WorkspaceBuildTaskState		REFS=feature\workspace\src\main\java\top\wkbin\taixu\ui\workspace\WorkspaceBuildTaskCoordinator.kt|37,feature\workspace\src\main\java\top\wkbin\taixu\ui\workspace\WorkspaceBuildTaskCoordinator.kt|38,feature\workspace\src\main\java\top\wkbin\taixu\ui\workspace\WorkspaceBuildTaskCoordinator.kt|49,feature\workspace\src\main\java\top\wkbin\taixu\ui\workspace\WorkspaceBuildTaskCoordinator.kt|61,feature\workspace\src\main\java\top\wkbin\taixu\ui\workspace\WorkspaceBuildTaskCoordinator.kt|81
SAMEFILE	feature\workspace\src\main\java\top\wkbin\taixu\ui\workspace\WorkspaceExplorerScreen.kt	442	private	fun	BreadcrumbBar	@Composable	REFS=feature\workspace\src\main\java\top\wkbin\taixu\ui\workspace\WorkspaceExplorerScreen.kt|208
SAMEFILE	feature\workspace\src\main\java\top\wkbin\taixu\ui\workspace\WorkspaceExplorerScreen.kt	490	private	fun	BreadcrumbChip	@Composable	REFS=feature\workspace\src\main\java\top\wkbin\taixu\ui\workspace\WorkspaceExplorerScreen.kt|461,feature\workspace\src\main\java\top\wkbin\taixu\ui\workspace\WorkspaceExplorerScreen.kt|478
SAMEFILE	feature\workspace\src\main\java\top\wkbin\taixu\ui\workspace\WorkspaceExplorerScreen.kt	524	private	fun	SharedStoragePermissionBanner	@Composable	REFS=feature\workspace\src\main\java\top\wkbin\taixu\ui\workspace\WorkspaceExplorerScreen.kt|218
SAMEFILE	feature\workspace\src\main\java\top\wkbin\taixu\ui\workspace\WorkspaceExplorerScreen.kt	569	private	fun	ParentDirectoryRow	@Composable	REFS=feature\workspace\src\main\java\top\wkbin\taixu\ui\workspace\WorkspaceExplorerScreen.kt|260
SAMEFILE	feature\workspace\src\main\java\top\wkbin\taixu\ui\workspace\WorkspaceExplorerScreen.kt	592	private	fun	FileItemRow	@Composable	REFS=feature\workspace\src\main\java\top\wkbin\taixu\ui\workspace\WorkspaceExplorerScreen.kt|266
SAMEFILE	feature\workspace\src\main\java\top\wkbin\taixu\ui\workspace\WorkspaceExplorerScreen.kt	744	private	fun	fileExtensionColor		REFS=feature\workspace\src\main\java\top\wkbin\taixu\ui\workspace\WorkspaceExplorerScreen.kt|600
SAMEFILE	feature\workspace\src\main\java\top\wkbin\taixu\ui\workspace\WorkspaceExplorerScreen.kt	758	private	fun	isCodeExtension		REFS=feature\workspace\src\main\java\top\wkbin\taixu\ui\workspace\WorkspaceExplorerScreen.kt|637
SAMEFILE	feature\workspace\src\main\java\top\wkbin\taixu\ui\workspace\WorkspaceExplorerScreen.kt	763	private	fun	formatTime		REFS=feature\workspace\src\main\java\top\wkbin\taixu\ui\workspace\WorkspaceExplorerScreen.kt|687
SAMEFILE	feature\workspace\src\main\java\top\wkbin\taixu\ui\workspace\WorkspaceScreen.kt	119	private	class	ProjectImportMode		REFS=feature\workspace\src\main\java\top\wkbin\taixu\ui\workspace\WorkspaceScreen.kt|294,feature\workspace\src\main\java\top\wkbin\taixu\ui\workspace\WorkspaceScreen.kt|1617,feature\workspace\src\main\java\top\wkbin\taixu\ui\workspace\WorkspaceScreen.kt|1632,feature\workspace\src\main\java\top\wkbin\taixu\ui\workspace\WorkspaceScreen.kt|1701,feature\workspace\src\main\java\top\wkbin\taixu\ui\workspace\WorkspaceScreen.kt|1702,feature\workspace\src\main\java\top\wkbin\taixu\ui\workspace\WorkspaceScreen.kt|1708,feature\workspace\src\main\java\top\wkbin\taixu\ui\workspace\WorkspaceScreen.kt|1709,feature\workspace\src\main\java\top\wkbin\taixu\ui\workspace\WorkspaceScreen.kt|1716,feature\workspace\src\main\java\top\wkbin\taixu\ui\workspace\WorkspaceScreen.kt|1888,feature\workspace\src\main\java\top\wkbin\taixu\ui\workspace\WorkspaceScreen.kt|1906,feature\workspace\src\main\java\top\wkbin\taixu\ui\workspace\WorkspaceScreen.kt|1907
SAMEFILE	feature\workspace\src\main\java\top\wkbin\taixu\ui\workspace\WorkspaceScreen.kt	120	private	class	CreateProjectStep		REFS=feature\workspace\src\main\java\top\wkbin\taixu\ui\workspace\WorkspaceScreen.kt|272,feature\workspace\src\main\java\top\wkbin\taixu\ui\workspace\WorkspaceScreen.kt|1057,feature\workspace\src\main\java\top\wkbin\taixu\ui\workspace\WorkspaceScreen.kt|1071,feature\workspace\src\main\java\top\wkbin\taixu\ui\workspace\WorkspaceScreen.kt|1086,feature\workspace\src\main\java\top\wkbin\taixu\ui\workspace\WorkspaceScreen.kt|1100,feature\workspace\src\main\java\top\wkbin\taixu\ui\workspace\WorkspaceScreen.kt|1162,feature\workspace\src\main\java\top\wkbin\taixu\ui\workspace\WorkspaceScreen.kt|1182,feature\workspace\src\main\java\top\wkbin\taixu\ui\workspace\WorkspaceScreen.kt|1261,feature\workspace\src\main\java\top\wkbin\taixu\ui\workspace\WorkspaceScreen.kt|1526,feature\workspace\src\main\java\top\wkbin\taixu\ui\workspace\WorkspaceScreen.kt|1526,feature\workspace\src\main\java\top\wkbin\taixu\ui\workspace\WorkspaceScreen.kt|1527,feature\workspace\src\main\java\top\wkbin\taixu\ui\workspace\WorkspaceScreen.kt|1534,feature\workspace\src\main\java\top\wkbin\taixu\ui\workspace\WorkspaceScreen.kt|1534,feature\workspace\src\main\java\top\wkbin\taixu\ui\workspace\WorkspaceScreen.kt|1535,feature\workspace\src\main\java\top\wkbin\taixu\ui\workspace\WorkspaceScreen.kt|1551,feature\workspace\src\main\java\top\wkbin\taixu\ui\workspace\WorkspaceScreen.kt|1552,feature\workspace\src\main\java\top\wkbin\taixu\ui\workspace\WorkspaceScreen.kt|1553,feature\workspace\src\main\java\top\wkbin\taixu\ui\workspace\WorkspaceScreen.kt|1554,feature\workspace\src\main\java\top\wkbin\taixu\ui\workspace\WorkspaceScreen.kt|1578,feature\workspace\src\main\java\top\wkbin\taixu\ui\workspace\WorkspaceScreen.kt|1578,feature\workspace\src\main\java\top\wkbin\taixu\ui\workspace\WorkspaceScreen.kt|1592,feature\workspace\src\main\java\top\wkbin\taixu\ui\workspace\WorkspaceScreen.kt|1601,feature\workspace\src\main\java\top\wkbin\taixu\ui\workspace\WorkspaceScreen.kt|1601,feature\workspace\src\main\java\top\wkbin\taixu\ui\workspace\WorkspaceScreen.kt|1602,feature\workspace\src\main\java\top\wkbin\taixu\ui\workspace\WorkspaceScreen.kt|1602,feature\workspace\src\main\java\top\wkbin\taixu\ui\workspace\WorkspaceScreen.kt|1603,feature\workspace\src\main\java\top\wkbin\taixu\ui\workspace\WorkspaceScreen.kt|1603,feature\workspace\src\main\java\top\wkbin\taixu\ui\workspace\WorkspaceScreen.kt|1608
SAMEFILE	feature\workspace\src\main\java\top\wkbin\taixu\ui\workspace\WorkspaceScreen.kt	123	private	fun	TemplatePreviewImage	@Composable	REFS=feature\workspace\src\main\java\top\wkbin\taixu\ui\workspace\WorkspaceScreen.kt|1227,feature\workspace\src\main\java\top\wkbin\taixu\ui\workspace\WorkspaceScreen.kt|2015
SAMEFILE	feature\workspace\src\main\java\top\wkbin\taixu\ui\workspace\WorkspaceScreen.kt	147	private	fun	shimmerBrush	@Composable	REFS=feature\workspace\src\main\java\top\wkbin\taixu\ui\workspace\WorkspaceScreen.kt|171,feature\chat\src\main\java\top\wkbin\taixu\ui\chat\ChatMessageList.kt|515
SAMEFILE	feature\workspace\src\main\java\top\wkbin\taixu\ui\workspace\WorkspaceScreen.kt	170	private	fun	ProjectCardSkeleton	@Composable	REFS=feature\workspace\src\main\java\top\wkbin\taixu\ui\workspace\WorkspaceScreen.kt|567
SAMEFILE	feature\workspace\src\main\java\top\wkbin\taixu\ui\workspace\WorkspaceScreen.kt	1972	private	fun	TemplateManagerDialog	@Composable	REFS=feature\workspace\src\main\java\top\wkbin\taixu\ui\workspace\WorkspaceScreen.kt|991
SAMEFILE	feature\workspace\src\main\java\top\wkbin\taixu\ui\workspace\WorkspaceScreen.kt	2053	private	fun	ProjectTemplateSpecDialog	@Composable	REFS=feature\workspace\src\main\java\top\wkbin\taixu\ui\workspace\WorkspaceScreen.kt|1012
SAMEFILE	feature\workspace\src\main\java\top\wkbin\taixu\ui\workspace\WorkspaceScreen.kt	2087	private	fun	BuildTypePickerDialog	@Composable	REFS=feature\workspace\src\main\java\top\wkbin\taixu\ui\workspace\WorkspaceScreen.kt|1955
SAMEFILE	feature\workspace\src\main\java\top\wkbin\taixu\ui\workspace\WorkspaceScreen.kt	2151	private	fun	BuildTypeOption	@Composable	REFS=feature\workspace\src\main\java\top\wkbin\taixu\ui\workspace\WorkspaceScreen.kt|2104,feature\workspace\src\main\java\top\wkbin\taixu\ui\workspace\WorkspaceScreen.kt|2110,feature\workspace\src\main\java\top\wkbin\taixu\ui\workspace\WorkspaceScreen.kt|2127
SAMEFILE	feature\workspace\src\main\java\top\wkbin\taixu\ui\workspace\WorkspaceScreen.kt	2179	private	fun	ProjectCard	@Composable	REFS=feature\workspace\src\main\java\top\wkbin\taixu\ui\workspace\WorkspaceScreen.kt|583
SAMEFILE	feature\workspace\src\main\java\top\wkbin\taixu\ui\workspace\WorkspaceScreen.kt	2383	private	fun	queryDisplayName		REFS=feature\workspace\src\main\java\top\wkbin\taixu\ui\workspace\WorkspaceScreen.kt|317,feature\workspace\src\main\java\top\wkbin\taixu\ui\workspace\WorkspaceScreen.kt|326,feature\workspace\src\main\java\top\wkbin\taixu\ui\workspace\WorkshopSigningScreen.kt|331
SAMEFILE	feature\workspace\src\main\java\top\wkbin\taixu\ui\workspace\WorkspaceScreen.kt	2390	private	fun	AppPickerDialog	@Composable	REFS=feature\workspace\src\main\java\top\wkbin\taixu\ui\workspace\WorkspaceScreen.kt|1918
SAMEFILE	feature\workspace\src\main\java\top\wkbin\taixu\ui\workspace\WorkspaceViewModel.kt	680	private	val	GIT_PERCENT_REGEX		REFS=feature\workspace\src\main\java\top\wkbin\taixu\ui\workspace\WorkspaceViewModel.kt|415
ZERO	app\src\main\java\top\wkbin\taixu\di\AppModule.kt	73	public	object	AppModule	@InstallIn(SingletonComponent::class) | @Module
ZERO	app\src\main\java\top\wkbin\taixu\di\ToolAdapterModule.kt	16	public	class	ToolAdapterModule	@InstallIn(SingletonComponent::class) | @Module
ZERO	app\src\main\java\top\wkbin\taixu\di\WebChatModule.kt	12	public	class	WebChatModule	@InstallIn(SingletonComponent::class) | @Module
